Site Name,Latitude,Longitude,Currently Being Observed,1953,1954,1955,1956,1957,1958,1959,1960,1961,1962,1963,1964,1965,1966,1967,1968,1969,1970,1971,1972,1973,1974,1975,1976,1977,1978,1979,1980,1981,1982,1983,1984,1985,1986,1987,1988,1989,1990,1991,1992,1993,1994,1995,1996,1997,1998,1999,2000,2001,2002,2003,2004,2005,2006,2007,2008,2009,2010,2011,2012,2013,2014,2015,2016,2017,2018,2019,2020,2021,2022,2023,30 Year Average 1981-2010,Notes
Wakkanai,45.4158108,141.6730309,True,1953-05-21,1954-05-17,1955-05-17,1956-05-12,1957-05-18,1958-05-23,1959-05-03,1960-05-19,1961-05-11,1962-05-10,1963-05-12,1964-05-16,1965-05-18,,,,,,,,1973-05-20,1974-05-19,1975-05-19,1976-05-20,1977-05-21,1978-05-16,1979-05-21,1980-05-25,1981-05-11,1982-05-16,1983-05-06,1984-05-24,1985-05-13,1986-05-13,1987-05-16,1988-05-15,1989-05-16,1990-05-06,1991-05-14,1992-05-17,1993-05-15,1994-05-16,1995-05-08,1996-05-20,1997-05-15,1998-05-11,1999-05-14,2000-05-18,2001-05-17,2002-04-29,2003-05-10,2004-05-10,2005-05-23,2006-05-18,2007-05-15,2008-05-02,2009-05-10,2010-05-22,2011-05-19,2012-05-14,2013-05-26,2014-05-11,2015-05-03,2016-05-13,2017-05-09,2018-05-12,2019-05-07,2020-05-10,2021-05-08,2022-05-06,2023-05-03,5 13,Sargent cherry (Prunus sargentii)
Rumoi,43.941029,141.6368171,False,1953-05-08,1954-05-11,1955-05-13,1956-05-08,1957-05-10,1958-05-12,,,1961-05-07,1962-05-09,1963-05-13,1964-05-08,1965-05-18,1966-05-16,1967-05-11,1968-05-08,1969-05-16,1970-05-09,1971-05-17,,1973-05-12,1974-05-15,1975-05-08,1976-05-14,1977-05-14,1978-05-12,1979-05-17,1980-05-20,1981-05-09,1982-05-10,1983-04-30,1984-05-22,1985-05-11,1986-05-09,1987-05-09,1988-05-09,1989-05-03,1990-04-26,1991-05-07,1992-05-12,1993-05-12,1994-05-14,1995-05-05,1996-05-20,1997-05-12,1998-04-29,1999-05-14,2000-05-13,2001-05-11,2002-04-26,2003-05-09,2004-05-10,2005-05-20,2006-05-14,2007-05-11,2008-04-29,,,,,,,,,,,,,,,,-,Sargent cherry (Prunus sargentii)
Asahikawa,43.7627501,142.3579263,True,1953-05-11,1954-05-13,1955-05-09,1956-05-07,1957-05-09,1958-05-10,1959-05-08,1960-05-13,1961-05-08,1962-05-08,1963-05-10,1964-05-12,1965-05-15,1966-05-14,1967-05-05,1968-05-02,1969-05-06,1970-05-07,1971-05-12,1972-04-30,1973-05-09,1974-05-13,1975-05-08,1976-05-11,1977-05-13,1978-05-08,1979-05-12,1980-05-16,1981-05-05,1982-05-05,1983-04-27,1984-05-14,1985-05-03,1986-05-06,1987-05-09,1988-05-07,1989-05-03,1990-04-28,1991-05-05,1992-05-09,1993-05-08,1994-05-11,1995-05-02,1996-05-07,1997-05-05,1998-04-23,1999-05-04,2000-05-09,2001-05-04,2002-04-23,2003-05-02,2004-05-06,2005-05-14,2006-05-10,2007-05-06,2008-04-23,2009-05-03,2010-05-11,2011-05-09,2012-05-02,2013-05-18,2014-05-02,2015-04-27,2016-05-03,2017-05-03,2018-04-30,2019-05-01,2020-05-03,2021-04-29,2022-04-26,2023-04-25,5  4,Sargent cherry (Prunus sargentii)
Abashiri,44.0199184,144.2541269,True,1953-05-24,1954-05-16,1955-05-18,1956-05-09,,,1959-05-03,,1961-05-08,,1963-05-13,,1965-05-17,1966-05-18,1967-05-10,1968-05-06,1969-05-09,1970-05-08,1971-05-16,1972-05-03,1973-05-09,1974-05-16,1975-05-14,1976-05-13,1977-05-13,1978-05-10,1979-05-24,1980-05-21,1981-05-14,1982-05-11,1983-05-03,1984-05-24,1985-05-10,1986-05-08,1987-05-09,1988-05-12,1989-05-16,1990-05-07,1991-05-08,1992-05-13,1993-05-20,1994-05-13,1995-05-08,1996-05-24,1997-05-12,1998-04-28,1999-05-09,2000-05-18,2001-05-12,2002-04-29,2003-05-10,2004-05-12,2005-05-21,2006-05-15,2007-05-12,2008-05-03,2009-05-04,2010-05-17,2011-05-16,2012-05-03,2013-05-25,2014-05-07,2015-04-30,2016-05-08,2017-05-05,2018-05-02,2019-05-05,2020-05-07,2021-05-06,2022-04-27,2023-04-28,5 10,Sargent cherry (Prunus sargentii)
Sapporo,43.061936,141.3542924,True,1953-05-07,1954-05-04,1955-05-11,1956-05-04,1957-05-09,,1959-05-05,1960-05-05,1961-05-04,1962-04-30,1963-05-02,1964-05-04,1965-05-13,1966-05-03,1967-05-01,1968-04-26,1969-05-05,1970-05-03,1971-05-09,1972-04-29,1973-05-05,1974-05-11,1975-05-04,1976-05-07,1977-05-11,1978-05-10,1979-05-09,1980-05-14,1981-05-05,1982-05-04,1983-04-28,1984-05-12,1985-05-03,1986-05-05,1987-05-06,1988-05-03,1989-04-29,1990-04-25,1991-05-02,1992-05-04,1993-05-06,1994-05-06,1995-05-01,1996-05-05,1997-05-01,1998-04-23,1999-05-03,2000-05-08,2001-04-29,2002-04-22,2003-05-01,2004-05-05,2005-05-10,2006-05-08,2007-05-04,2008-04-21,2009-05-01,2010-05-07,2011-05-07,2012-05-01,2013-05-13,2014-04-29,2015-04-22,2016-04-25,2017-04-28,2018-04-26,2019-04-24,2020-04-30,2021-04-22,2022-04-23,2023-04-15,5  1,
Iwamizawa,43.1960638,141.7753595,False,1953-05-09,1954-05-06,1955-05-10,1956-05-05,1957-05-08,1958-05-10,1959-04-28,1960-05-11,1961-05-04,1962-05-03,1963-05-08,1964-05-07,1965-05-16,1966-05-12,1967-05-05,1968-05-03,1969-05-10,1970-05-09,1971-05-14,1972-05-04,1973-05-07,1974-05-11,1975-05-08,1976-05-09,1977-05-12,1978-05-10,1979-05-10,1980-05-15,1981-05-07,1982-05-05,1983-04-27,1984-05-17,1985-05-04,1986-05-05,1987-05-08,1988-05-05,1989-04-28,1990-04-26,1991-05-04,1992-05-09,1993-05-07,1994-05-08,1995-05-03,1996-05-07,1997-05-03,1998-04-24,1999-05-03,2000-05-09,2001-05-03,2002-04-22,2003-05-02,2004-05-06,2005-05-11,2006-05-09,,,,,,,,,,,,,,,,,,-,Sargent cherry (Prunus sargentii)
Obihiro,42.923809,143.1966324,True,1953-05-15,1954-05-07,1955-05-10,1956-05-05,1957-05-09,1958-05-13,1959-05-01,1960-05-11,1961-05-05,1962-05-04,1963-05-07,1964-05-08,1965-05-15,1966-05-13,1967-05-03,1968-05-02,1969-05-07,1970-05-10,1971-05-13,1972-05-03,1973-05-06,1974-05-10,1975-05-12,1976-05-09,1977-05-11,1978-05-11,1979-05-11,1980-05-14,1981-05-04,1982-05-06,1983-05-01,1984-05-19,1985-05-03,1986-05-06,1987-05-04,1988-05-04,1989-05-05,1990-05-01,1991-05-04,1992-05-06,1993-05-08,1994-05-06,1995-05-04,1996-05-08,1997-04-30,1998-04-23,1999-05-03,2000-05-10,2001-04-29,2002-04-24,2003-05-02,2004-05-05,2005-05-04,2006-05-08,2007-05-06,2008-04-26,2009-05-01,2010-05-08,2011-05-03,2012-05-05,2013-05-10,2014-04-27,2015-04-26,2016-04-30,2017-05-01,2018-04-27,2019-04-28,2020-05-02,2021-04-24,2022-04-22,2023-04-20,5  2,Sargent cherry (Prunus sargentii)
Kushiro,42.9906837,144.3820381,True,,,,,,,,,,,,,,,,,,,,1972-05-07,1973-05-12,1974-05-18,1975-05-22,1976-05-15,1977-05-24,1978-05-25,1979-05-28,1980-05-24,1981-05-22,1982-05-17,1983-05-12,1984-05-30,1985-05-18,1986-05-16,1987-05-17,1988-05-18,1989-05-18,1990-05-10,1991-05-11,1992-05-17,1993-05-16,1994-05-13,1995-05-14,1996-05-28,1997-05-19,1998-05-14,1999-05-19,2000-05-17,2001-05-18,2002-05-10,2003-05-22,2004-05-16,2005-05-22,2006-05-18,2007-05-16,2008-05-15,2009-05-10,2010-05-19,2011-05-18,2012-05-17,2013-05-23,2014-05-12,2015-05-06,2016-05-10,2017-05-14,2018-05-12,2019-05-09,2020-05-10,2021-05-08,2022-05-08,2023-05-01,5 16,Sargent cherry (Prunus sargentii)
Nemuro,43.3301154,145.5829068,False,,,,,,,,1960-05-25,1961-05-18,1962-05-15,1963-05-18,1964-05-22,1965-05-21,1966-05-20,1967-05-14,1968-05-22,1969-05-17,1970-05-20,1971-05-26,1972-05-12,1973-05-14,1974-05-17,1975-05-26,1976-05-17,1977-05-27,1978-05-17,1979-05-28,1980-05-25,1981-05-24,1982-05-19,1983-05-15,1984-05-30,1985-05-19,1986-05-19,1987-05-15,1988-05-22,1989-05-20,1990-05-11,1991-05-13,1992-05-24,,1994-05-19,1995-05-18,1996-05-24,1997-05-14,1998-05-14,1999-05-19,2000-05-22,2001-05-16,2002-05-08,2003-05-21,2004-05-14,2005-05-21,2006-05-17,2007-05-16,2008-05-16,2009-05-10,2010-05-18,,,,,,,,,,,,,,-,Kurile Island Cherry (Cerasus nipponica var. kurilensis)
Muroran,42.3152461,140.9740731,True,1953-05-10,1954-05-07,1955-05-18,1956-05-08,1957-05-08,1958-05-12,1959-04-27,1960-05-08,1961-05-05,1962-05-08,1963-05-06,1964-05-07,1965-05-16,1966-05-16,1967-05-04,1968-05-05,1969-05-07,1970-05-14,1971-05-12,1972-05-04,1973-05-08,1974-05-11,1975-05-08,1976-05-10,1977-05-12,1978-05-12,1979-05-12,1980-05-15,1981-05-06,1982-05-10,1983-04-29,1984-05-25,1985-05-10,1986-05-08,1987-05-09,1988-05-06,1989-04-30,1990-04-26,1991-05-02,1992-05-06,1993-05-04,1994-05-06,1995-05-05,1996-05-13,1997-05-02,1998-04-29,1999-05-08,2000-05-15,2001-05-09,2002-04-23,2003-05-02,2004-05-04,2005-05-10,2006-05-12,2007-05-07,2008-04-25,2009-05-03,2010-05-14,2011-05-06,2012-05-09,2013-05-16,2014-04-29,2015-04-28,2016-04-25,2017-05-02,2018-04-29,2019-04-29,2020-05-01,2021-04-27,2022-04-25,2023-04-21,5  4,
Urakawa,42.1684998,142.7680974,False,1953-05-09,1954-05-07,1955-05-11,1956-05-07,1957-05-14,1958-05-12,1959-05-02,1960-05-13,1961-05-04,1962-05-03,1963-05-10,1964-05-11,1965-05-18,1966-05-11,1967-05-06,1968-05-10,1969-05-09,1970-05-12,1971-05-14,1972-05-03,1973-05-11,1974-05-12,1975-05-08,1976-05-15,1977-05-14,1978-05-16,1979-05-18,1980-05-19,1981-05-12,1982-05-13,1983-05-05,1984-05-25,1985-05-12,1986-05-10,1987-05-12,1988-05-12,1989-05-08,1990-05-06,1991-05-07,1992-05-12,1993-05-12,1994-05-13,1995-05-09,1996-05-11,1997-05-05,1998-05-04,1999-05-02,2000-05-08,2001-05-09,2002-04-28,2003-05-10,2004-05-11,2005-05-16,2006-05-11,2007-05-08,2008-05-04,2009-05-05,,,,,,,,,,,,,,,-,Sargent cherry (Prunus sargentii)
Esashi,41.8690714,140.1272235,False,1953-05-08,1954-05-01,1955-05-03,1956-05-03,1957-05-04,1958-05-05,1959-04-27,1960-05-02,1961-04-28,1962-04-29,1963-04-27,1964-05-05,1965-05-13,1966-05-04,1967-05-01,1968-04-27,1969-05-05,1970-05-07,1971-05-10,1972-04-29,1973-05-01,1974-05-10,1975-04-30,1976-05-05,1977-05-08,1978-05-08,1979-05-04,1980-05-12,1981-05-03,1982-05-02,1983-04-26,1984-05-19,1985-05-04,1986-05-06,1987-05-05,1988-05-04,1989-04-23,1990-04-23,1991-04-30,1992-04-28,1993-05-01,,1995-04-29,1996-05-05,1997-04-30,1998-04-22,1999-04-28,2000-05-05,2001-04-29,2002-04-18,2003-04-29,2004-04-29,2005-05-03,2006-05-07,2007-05-01,,,,,,,,,,,,,,,,,-,
Hakodate,41.768793,140.729008,True,1953-05-02,1954-05-03,1955-05-08,1956-05-03,1957-05-08,1958-05-04,1959-04-26,1960-05-04,1961-04-30,1962-05-03,1963-05-03,1964-05-05,1965-05-14,1966-05-07,1967-05-03,1968-05-02,1969-05-05,1970-05-06,1971-05-11,1972-04-29,1973-05-02,1974-05-09,1975-05-01,1976-05-09,1977-05-08,1978-05-08,1979-05-07,1980-05-12,1981-05-03,1982-05-07,1983-04-27,1984-05-23,1985-05-04,1986-05-05,1987-05-04,1988-05-02,1989-04-23,1990-04-22,1991-04-28,1992-04-28,1993-04-27,1994-04-30,1995-04-30,1996-05-04,1997-04-27,1998-04-22,1999-04-27,2000-05-03,2001-04-28,2002-04-18,2003-04-28,2004-04-26,2005-05-01,2006-05-07,2007-04-30,2008-04-22,2009-04-25,2010-05-05,2011-05-02,2012-05-02,2013-05-08,2014-04-28,2015-04-21,2016-04-24,2017-04-27,2018-04-25,2019-04-24,2020-04-26,2021-04-20,2022-04-21,2023-04-14,4 28,
Kutchan,42.901741,140.7590818,False,1953-05-12,1954-05-11,1955-05-19,1956-05-13,1957-05-15,1958-05-16,1959-05-02,1960-05-17,1961-05-09,1962-05-08,1963-05-07,1964-05-09,1965-05-20,1966-05-17,1967-05-09,1968-05-10,1969-05-10,1970-05-17,,1972-05-07,1973-05-11,1974-05-14,1975-05-10,1976-05-16,1977-05-14,1978-05-14,1979-05-17,1980-05-19,1981-05-10,1982-05-11,1983-05-01,1984-05-22,1985-05-11,1986-05-11,1987-05-13,1988-05-14,1989-05-05,1990-05-06,1991-05-09,1992-05-10,1993-05-12,1994-05-14,1995-05-08,1996-05-19,1997-05-09,1998-04-28,1999-05-09,2000-05-12,2001-05-08,2002-04-25,2003-05-04,2004-05-07,2005-05-14,2006-05-15,,,,,,,,,,,,,,,,,,-,"Until 1994 Sargent Cherry, from 1995 to 2006 they were Yoshino Cherry."
Monbetsu,44.3565151,143.3545224,False,,,,1956-05-05,1957-05-11,1958-05-19,1959-05-01,1960-05-15,1961-05-06,1962-05-09,1963-05-09,1964-05-13,1965-05-18,1966-05-19,1967-05-06,1968-05-07,1969-05-06,1970-05-09,1971-05-16,1972-05-05,1973-05-11,1974-05-14,1975-05-22,1976-05-10,1977-05-12,1978-05-08,1979-05-21,1980-05-20,1981-05-11,1982-05-12,1983-05-01,1984-05-25,1985-05-10,1986-05-06,1987-05-06,1988-05-11,1989-05-15,1990-05-06,1991-05-07,1992-05-11,1993-05-17,1994-05-11,1995-05-07,1996-05-27,1997-05-07,1998-04-29,1999-05-12,2000-05-21,2001-05-13,2002-04-28,2003-05-08,2004-05-11,2005-05-21,2006-05-16,2007-05-15,,,,,,,,,,,,,,,,,-,Sargent cherry (Prunus sargentii)
Hiroo,42.285532,143.3116162,False,,,,,,1958-05-09,1959-04-29,1960-05-09,1961-05-02,1962-05-05,1963-05-06,1964-05-11,1965-05-17,1966-05-15,1967-05-02,1968-05-02,1969-05-05,1970-05-12,1971-05-12,1972-05-05,1973-05-05,1974-05-12,1975-05-13,1976-05-08,1977-05-11,1978-05-10,1979-05-21,1980-05-17,1981-05-07,1982-05-09,1983-05-01,1984-05-28,1985-05-10,1986-05-09,1987-05-05,1988-05-07,1989-05-07,1990-05-03,1991-05-04,1992-05-10,1993-05-13,1994-05-08,1995-05-05,1996-05-13,1997-05-02,1998-04-26,,,,,,,,,,,,,,,,,,,,,,,,,,-,Sargent cherry (Prunus sargentii)
Shinjo,38.7648577,140.3021449,False,,,,,,1958-04-23,1959-04-15,1960-04-23,1961-04-22,1962-04-23,1963-04-20,1964-04-17,1965-05-06,1966-04-22,1967-04-23,1968-04-21,1969-04-22,1970-04-29,1971-04-23,1972-04-13,1973-04-20,1974-04-28,1975-04-22,1976-04-25,1977-04-26,1978-04-28,1979-04-22,1980-04-29,1981-04-27,1982-04-23,1983-04-18,1984-05-06,1985-04-25,1986-04-26,1987-04-21,1988-04-26,1989-04-14,1990-04-13,1991-04-17,1992-04-19,1993-04-21,1994-04-20,1995-04-20,1996-04-27,1997-04-24,,,,,,,,,,,,,,,,,,,,,,,,,,,-,
Aomori,40.886943,140.590121,True,,,,1956-04-26,1957-05-01,1958-04-29,1959-04-19,1960-04-27,1961-04-24,1962-04-25,1963-04-21,1964-04-29,1965-05-03,1966-04-28,1967-04-27,1968-04-24,1969-04-29,1970-05-04,1971-04-28,1972-04-24,1973-04-22,1974-05-01,1975-04-26,1976-04-25,1977-05-02,1978-05-01,1979-04-30,1980-05-04,1981-04-27,1982-04-27,1983-04-21,1984-05-11,1985-04-29,1986-05-01,1987-04-25,1988-04-28,1989-04-15,1990-04-15,1991-04-24,1992-04-22,1993-04-23,1994-04-22,1995-04-24,1996-04-30,1997-04-23,1998-04-16,1999-04-26,2000-04-29,2001-04-23,2002-04-14,2003-04-20,2004-04-18,2005-04-29,2006-05-01,2007-04-25,2008-04-17,2009-04-18,2010-04-28,2011-04-25,2012-04-29,2013-04-29,2014-04-22,2015-04-14,2016-04-17,2017-04-17,2018-04-19,2019-04-18,2020-04-17,2021-04-13,2022-04-16,2023-04-07,4 22,
Hachinohe,40.5122388,141.4882959,False,1953-04-26,1954-04-24,1955-04-23,1956-04-24,1957-04-27,1958-04-24,1959-04-21,1960-04-27,1961-04-22,1962-04-23,1963-04-20,1964-04-27,1965-05-06,1966-04-26,1967-04-26,1968-04-22,1969-04-26,1970-04-30,1971-04-22,1972-04-24,1973-04-20,1974-04-29,1975-04-25,1976-04-25,1977-04-28,1978-04-28,1979-05-01,1980-04-29,1981-04-25,1982-04-26,1983-04-20,1984-05-18,1985-04-27,1986-04-29,1987-04-23,1988-04-27,1989-04-15,1990-04-12,1991-04-19,1992-04-21,1993-04-21,1994-04-23,1995-04-23,1996-04-28,1997-04-22,1998-04-14,1999-04-22,2000-04-25,2001-04-19,2002-04-13,2003-04-22,2004-04-16,2005-04-27,2006-04-29,2007-04-26,,,,,,,,,,,,,,,,,-,
Akita,39.6898802,140.342608,True,1953-04-22,1954-04-17,1955-04-16,1956-04-21,1957-04-24,1958-04-22,1959-04-09,1960-04-21,1961-04-19,1962-04-20,1963-04-17,1964-04-18,1965-04-30,1966-04-21,1967-04-22,1968-04-17,1969-04-25,1970-04-27,1971-04-22,1972-04-17,1973-04-19,1974-04-26,1975-04-21,1976-04-23,1977-04-22,1978-04-26,1979-04-18,1980-04-23,1981-04-22,1982-04-20,1983-04-15,1984-04-30,1985-04-19,1986-04-20,1987-04-17,1988-04-23,1989-04-10,1990-04-10,1991-04-16,1992-04-17,1993-04-19,1994-04-19,1995-04-18,1996-04-25,1997-04-17,1998-04-13,1999-04-17,2000-04-20,2001-04-12,2002-04-07,2003-04-16,2004-04-12,2005-04-24,2006-04-21,2007-04-18,2008-04-10,2009-04-14,2010-04-24,2011-04-23,2012-04-24,2013-04-23,2014-04-20,2015-04-11,2016-04-14,2017-04-16,2018-04-17,2019-04-16,2020-04-08,2021-04-04,2022-04-12,2023-04-04,4 17,
Morioka,39.7021331,141.1545397,True,1953-04-27,1954-04-19,1955-04-18,1956-04-24,1957-04-27,1958-04-24,1959-04-18,1960-04-27,1961-04-22,1962-04-22,1963-04-18,1964-04-18,1965-05-04,1966-04-23,1967-04-26,1968-04-17,1969-04-26,1970-04-28,1971-04-23,1972-04-21,1973-04-20,1974-04-28,1975-04-24,1976-04-26,1977-04-26,1978-04-29,1979-04-24,1980-04-28,1981-04-24,1982-04-23,1983-04-18,1984-05-06,1985-04-25,1986-04-29,1987-04-23,1988-04-27,1989-04-14,1990-04-13,1991-04-17,1992-04-21,1993-04-23,1994-04-21,1995-04-24,1996-04-28,1997-04-23,1998-04-12,1999-04-20,2000-04-22,2001-04-15,2002-04-11,2003-04-16,2004-04-13,2005-04-23,2006-04-24,2007-04-20,2008-04-12,2009-04-13,2010-04-25,2011-04-20,2012-04-24,2013-04-23,2014-04-13,2015-04-09,2016-04-11,2017-04-17,2018-04-17,2019-04-18,2020-04-14,2021-04-09,2022-04-14,2023-04-03,4 18,
Miyako,39.6395835,141.9461177,False,1953-04-22,1954-04-16,1955-04-12,1956-04-18,1957-04-20,1958-04-19,1959-04-14,1960-04-20,1961-04-18,1962-04-18,1963-04-15,1964-04-20,1965-04-30,1966-04-17,1967-04-20,1968-04-16,1969-04-20,1970-04-25,1971-04-19,1972-04-19,1973-04-16,1974-04-25,1975-04-20,1976-04-21,1977-04-23,1978-04-26,1979-04-19,1980-04-22,1981-04-23,1982-04-17,1983-04-16,1984-05-07,1985-04-21,1986-04-22,1987-04-18,1988-04-20,1989-04-13,1990-04-11,1991-04-17,1992-04-21,1993-04-20,1994-04-17,1995-04-22,1996-04-25,1997-04-22,1998-04-14,1999-04-17,2000-04-23,2001-04-15,2002-04-08,2003-04-17,2004-04-10,2005-04-18,2006-04-23,2007-04-21,,,,,,,,,,,,,,,,,-,
Sakata,38.9147229,139.8364101,False,1953-04-15,1954-04-11,1955-04-10,1956-04-17,1957-04-17,1958-04-13,1959-04-07,1960-04-14,1961-04-16,1962-04-16,1963-04-15,1964-04-15,1965-04-25,1966-04-15,1967-04-16,1968-04-13,1969-04-20,1970-04-24,1971-04-18,1972-04-13,1973-04-17,1974-04-22,1975-04-17,1976-04-19,1977-04-16,1978-04-21,1979-04-11,1980-04-19,1981-04-17,1982-04-14,1983-04-14,1984-04-27,1985-04-15,1986-04-20,1987-04-15,1988-04-20,1989-04-06,1990-04-07,1991-04-13,1992-04-10,1993-04-16,1994-04-15,1995-04-15,1996-04-23,1997-04-13,1998-04-10,1999-04-13,2000-04-18,2001-04-11,2002-04-04,2003-04-12,2004-04-09,2005-04-19,2006-04-16,2007-04-12,2008-04-09,2009-04-11,,,,,,,,,,,,,,,-,
Yamagata,38.4746705,140.083237,True,1953-04-19,1954-04-13,1955-04-12,1956-04-18,1957-04-20,1958-04-17,1959-04-09,1960-04-17,1961-04-17,1962-04-16,1963-04-15,1964-04-14,1965-04-26,1966-04-15,1967-04-18,1968-04-14,1969-04-20,1970-04-24,1971-04-16,1972-04-12,1973-04-16,1974-04-24,1975-04-17,1976-04-18,1977-04-15,1978-04-23,1979-04-12,1980-04-21,1981-04-21,1982-04-16,1983-04-14,1984-04-29,1985-04-19,1986-04-20,1987-04-15,1988-04-20,1989-04-07,1990-04-09,1991-04-12,1992-04-12,1993-04-16,1994-04-15,1995-04-17,1996-04-24,1997-04-13,1998-04-11,1999-04-14,2000-04-19,2001-04-12,2002-04-03,2003-04-14,2004-04-10,2005-04-19,2006-04-18,2007-04-13,2008-04-12,2009-04-11,2010-04-19,2011-04-18,2012-04-23,2013-04-15,2014-04-14,2015-04-10,2016-04-06,2017-04-14,2018-04-04,2019-04-12,2020-04-03,2021-04-02,2022-04-11,2023-03-31,4 13,
Sendai,38.2677554,140.8691498,True,1953-04-11,1954-04-06,1955-04-11,1956-04-16,1957-04-16,1958-04-10,1959-04-04,1960-04-12,1961-04-11,1962-04-14,1963-04-12,1964-04-11,1965-04-20,1966-04-11,1967-04-11,1968-04-10,1969-04-14,1970-04-21,1971-04-14,1972-04-08,1973-04-11,1974-04-19,1975-04-14,1976-04-14,1977-04-14,1978-04-21,1979-04-09,1980-04-14,1981-04-13,1982-04-11,1983-04-13,1984-04-28,1985-04-17,1986-04-19,1987-04-10,1988-04-17,1989-04-03,1990-04-03,1991-04-11,1992-04-06,1993-04-09,1994-04-11,1995-04-11,1996-04-17,1997-04-08,1998-04-08,1999-04-08,2000-04-13,2001-04-10,2002-03-29,2003-04-09,2004-04-07,2005-04-14,2006-04-13,2007-04-06,2008-04-05,2009-04-07,2010-04-13,2011-04-12,2012-04-18,2013-04-09,2014-04-07,2015-04-03,2016-04-01,2017-04-07,2018-03-30,2019-04-05,2020-03-28,2021-03-28,2022-04-08,2023-03-26,4  8,
Fukushima,37.75454,140.4592144,True,1953-04-09,1954-04-05,1955-04-09,1956-04-14,1957-04-15,1958-04-07,1959-04-03,1960-04-08,1961-04-11,1962-04-09,1963-04-07,1964-04-11,1965-04-18,1966-04-06,1967-04-10,1968-04-06,1969-04-13,1970-04-19,1971-04-09,1972-04-06,1973-04-09,1974-04-17,1975-04-11,1976-04-13,1977-04-12,1978-04-17,1979-04-08,1980-04-13,1981-04-12,1982-04-08,1983-04-10,1984-04-25,1985-04-14,1986-04-17,1987-04-06,1988-04-16,1989-04-01,1990-04-03,1991-04-09,1992-04-05,1993-04-12,1994-04-08,1995-04-09,1996-04-15,1997-04-08,1998-04-07,1999-04-05,2000-04-13,2001-04-08,2002-03-29,2003-04-08,2004-04-03,2005-04-11,2006-04-12,2007-04-02,2008-04-06,2009-04-06,2010-04-09,2011-04-12,2012-04-16,2013-04-05,2014-04-08,2015-04-02,2016-03-30,2017-04-08,2018-03-29,2019-04-05,2020-03-28,2021-03-25,2022-04-04,2023-03-24,4  7,
Shirakawa,37.1263397,140.2107192,False,1953-04-16,1954-04-06,1955-04-11,1956-04-16,1957-04-16,1958-04-10,1959-04-08,1960-04-11,1961-04-13,1962-04-14,1963-04-14,1964-04-13,1965-04-25,1966-04-13,1967-04-12,1968-04-14,1969-04-15,1970-04-23,1971-04-15,1972-04-14,1973-04-12,1974-04-19,1975-04-15,1976-04-15,1977-04-14,1978-04-22,1979-04-08,1980-04-20,1981-04-16,1982-04-14,1983-04-14,1984-04-28,1985-04-17,1986-04-22,1987-04-10,1988-04-20,1989-04-09,1990-04-08,1991-04-12,1992-04-10,1993-04-16,1994-04-14,1995-04-18,1996-04-24,1997-04-10,,,,,,,,,,,,,,,,,,,,,,,,,,,-,
Onahama,36.9383759,140.8977807,False,1953-04-06,1954-04-01,1955-04-03,1956-04-12,1957-04-11,1958-04-07,1959-03-30,1960-04-05,1961-04-08,1962-04-09,1963-04-13,1964-04-10,1965-04-15,1966-04-01,1967-04-03,1968-04-07,1969-04-12,1970-04-16,1971-04-09,1972-04-03,1973-04-08,1974-04-14,1975-04-10,1976-04-05,1977-04-10,1978-04-16,1979-03-31,1980-04-14,1981-04-11,1982-04-06,1983-04-11,1984-04-25,1985-04-11,1986-04-17,1987-04-05,1988-04-13,1989-03-30,1990-03-30,1991-04-09,1992-04-02,1993-04-08,1994-04-07,1995-04-06,1996-04-08,1997-04-01,1998-04-07,1999-04-02,2000-04-08,2001-04-05,2002-03-25,2003-04-08,2004-04-01,2005-04-10,2006-04-03,2007-03-29,2008-03-30,,,,,,,,,,,,,,,,-,
Wajima,37.3905644,136.8994281,False,1953-04-08,1954-04-05,1955-04-07,1956-04-13,1957-04-15,1958-04-07,1959-04-01,1960-04-06,1961-04-04,1962-04-10,1963-04-11,1964-04-12,1965-04-18,1966-04-09,1967-04-08,1968-04-10,1969-04-13,1970-04-18,1971-04-12,1972-04-09,1973-04-10,1974-04-15,1975-04-12,1976-04-14,1977-04-10,1978-04-16,1979-04-07,1980-04-12,1981-04-10,1982-04-07,1983-04-11,1984-04-24,1985-04-13,1986-04-14,1987-04-07,1988-04-15,1989-04-01,1990-04-02,1991-04-11,1992-04-05,1993-04-08,1994-04-12,1995-04-10,1996-04-17,1997-04-07,1998-04-06,1999-04-08,2000-04-13,2001-04-07,2002-03-29,2003-04-08,2004-04-01,2005-04-10,2006-04-12,2007-04-08,2008-04-06,2009-04-06,2010-04-09,,,,,,,,,,,,,,-,
Aikawa,35.532347,139.297795,False,1953-04-11,1954-04-06,1955-04-08,1956-04-14,1957-04-16,1958-04-08,1959-04-03,1960-04-06,1961-04-11,1962-04-09,1963-04-12,1964-04-14,1965-04-19,1966-04-12,1967-04-10,1968-04-10,1969-04-14,1970-04-21,1971-04-14,1972-04-12,1973-04-11,1974-04-17,1975-04-14,1976-04-14,1977-04-13,1978-04-17,1979-04-07,1980-04-14,1981-04-12,1982-04-12,1983-04-12,1984-04-27,1985-04-13,1986-04-19,1987-04-10,1988-04-20,1989-04-07,1990-04-04,1991-04-13,1992-04-08,1993-04-14,1994-04-13,1995-04-14,1996-04-19,1997-04-11,1998-04-08,1999-04-11,2000-04-13,2001-04-10,2002-04-02,2003-04-10,2004-04-05,2005-04-16,2006-04-12,2007-04-09,,,,,,,,,,,,,,,,,-,
Niigata,37.6452283,138.7669125,True,1953-04-13,1954-04-08,1955-04-09,1956-04-15,1957-04-18,1958-04-13,1959-04-05,1960-04-11,1961-04-12,1962-04-11,1963-04-12,1964-04-11,1965-04-19,1966-04-10,1967-04-11,1968-04-12,1969-04-16,1970-04-20,1971-04-13,1972-04-08,1973-04-10,1974-04-18,1975-04-13,1976-04-14,1977-04-14,1978-04-17,1979-04-08,1980-04-16,1981-04-13,1982-04-09,1983-04-12,1984-04-26,1985-04-10,1986-04-17,1987-04-08,1988-04-16,1989-04-01,1990-04-01,1991-04-11,1992-04-05,1993-04-09,1994-04-11,1995-04-09,1996-04-16,1997-04-07,1998-04-06,1999-04-06,2000-04-12,2001-04-08,2002-03-30,2003-04-06,2004-04-02,2005-04-14,2006-04-11,2007-04-06,2008-04-05,2009-04-07,2010-04-11,2011-04-14,2012-04-16,2013-04-07,2014-04-07,2015-04-02,2016-04-03,2017-04-08,2018-04-03,2019-04-05,2020-04-01,2021-03-29,2022-04-08,2023-03-27,4  8,
Kanazawa,36.5780499,136.6480247,True,1953-04-02,1954-04-01,1955-04-01,1956-04-10,1957-04-08,1958-04-01,1959-03-27,1960-03-29,1961-04-06,1962-04-07,1963-04-10,1964-04-06,1965-04-13,1966-04-04,1967-04-05,1968-04-07,1969-04-10,1970-04-16,1971-04-09,1972-04-04,1973-04-06,1974-04-10,1975-04-08,1976-04-04,1977-04-06,1978-04-11,1979-03-30,1980-04-06,1981-04-08,1982-04-02,1983-04-08,1984-04-17,1985-04-07,1986-04-10,1987-03-30,1988-04-12,1989-03-26,1990-03-28,1991-04-07,1992-04-02,1993-04-02,1994-04-11,1995-04-08,1996-04-11,1997-04-02,1998-03-31,1999-04-01,2000-04-07,2001-04-02,2002-03-26,2003-04-03,2004-03-28,2005-04-07,2006-04-06,2007-03-29,2008-04-02,2009-04-03,2010-04-01,2011-04-07,2012-04-10,2013-03-30,2014-04-01,2015-03-31,2016-03-30,2017-04-04,2018-03-29,2019-04-01,2020-03-26,2021-03-23,2022-03-30,2023-03-23,4  3,
Toyama,36.6468015,137.2183531,True,1953-04-08,1954-04-04,1955-04-06,1956-04-13,1957-04-16,1958-04-05,1959-03-31,1960-04-05,1961-04-08,1962-04-07,1963-04-11,1964-04-11,1965-04-16,1966-04-07,1967-04-06,1968-04-08,1969-04-13,1970-04-17,1971-04-10,1972-04-06,1973-04-08,1974-04-13,1975-04-10,1976-04-08,1977-04-11,1978-04-15,1979-04-03,1980-04-09,1981-04-10,1982-04-02,1983-04-09,1984-04-20,1985-04-10,1986-04-11,1987-04-05,1988-04-14,1989-03-29,1990-04-01,1991-04-10,1992-04-04,1993-04-11,1994-04-11,1995-04-07,1996-04-10,1997-04-01,1998-03-30,1999-04-01,2000-04-10,2001-04-05,2002-03-26,2003-04-04,2004-03-29,2005-04-08,2006-04-07,2007-03-30,2008-04-02,2009-03-30,2010-04-02,2011-04-08,2012-04-12,2013-03-29,2014-04-02,2015-04-01,2016-03-29,2017-04-05,2018-03-27,2019-03-28,2020-03-27,2021-03-24,2022-04-01,2023-03-22,4  3,
Nagano,36.1143945,138.0319015,True,1953-04-17,1954-04-07,1955-04-10,1956-04-14,1957-04-17,1958-04-09,1959-04-05,1960-04-13,1961-04-14,1962-04-15,1963-04-15,1964-04-13,1965-04-24,1966-04-14,1967-04-13,1968-04-14,1969-04-16,1970-04-24,1971-04-14,1972-04-07,1973-04-12,1974-04-17,1975-04-15,1976-04-15,1977-04-15,1978-04-20,1979-04-08,1980-04-18,1981-04-17,1982-04-13,1983-04-13,1984-04-26,1985-04-13,1986-04-20,1987-04-09,1988-04-20,1989-04-06,1990-04-07,1991-04-12,1992-04-09,1993-04-18,1994-04-15,1995-04-17,1996-04-23,1997-04-11,1998-04-10,1999-04-10,2000-04-18,2001-04-10,2002-04-02,2003-04-15,2004-04-06,2005-04-14,2006-04-15,2007-04-07,2008-04-10,2009-04-08,2010-04-09,2011-04-15,2012-04-18,2013-04-06,2014-04-11,2015-04-04,2016-04-03,2017-04-14,2018-04-02,2019-04-13,2020-04-02,2021-03-29,2022-04-09,2023-03-28,4 11,
Takada,34.5163101,135.7447574,False,1953-04-10,1954-04-04,1955-04-03,1956-04-13,1957-04-16,1958-04-06,1959-04-03,1960-04-05,1961-04-10,1962-04-08,1963-04-07,1964-04-07,1965-04-16,1966-04-10,1967-04-07,1968-04-12,1969-04-13,1970-04-21,1971-04-10,1972-04-05,1973-04-09,1974-04-14,1975-04-10,1976-04-13,1977-04-12,1978-04-15,1979-03-31,1980-04-13,1981-04-14,1982-04-06,1983-04-10,1984-04-25,1985-04-12,1986-04-16,1987-04-06,1988-04-14,1989-03-31,1990-04-01,1991-04-10,1992-04-05,1993-04-11,1994-04-10,1995-04-08,1996-04-15,1997-04-06,1998-04-04,1999-04-05,2000-04-10,2001-04-07,2002-03-30,2003-04-07,2004-03-30,2005-04-10,2006-04-12,2007-04-02,,,,,,,,,,,,,,,,,-,
Utsunomiya,36.5549677,139.8828776,True,1953-04-06,1954-04-02,1955-04-03,1956-04-10,1957-04-09,1958-04-06,1959-03-31,1960-04-01,1961-04-05,1962-04-07,1963-04-06,1964-04-06,1965-04-11,1966-03-30,1967-04-04,1968-04-04,1969-04-08,1970-04-13,1971-04-05,1972-03-31,1973-04-03,1974-04-08,1975-04-07,1976-04-01,1977-04-01,1978-04-10,1979-03-29,1980-04-07,1981-04-06,1982-04-01,1983-04-07,1984-04-18,1985-04-06,1986-04-11,1987-03-31,1988-04-07,1989-03-27,1990-03-25,1991-04-04,1992-03-30,1993-04-02,1994-04-04,1995-04-04,1996-04-06,1997-03-30,1998-03-30,1999-03-26,2000-04-05,2001-03-28,2002-03-18,2003-03-31,2004-03-27,2005-04-06,2006-03-29,2007-03-26,2008-03-28,2009-03-26,2010-04-02,2011-04-06,2012-04-08,2013-03-21,2014-03-29,2015-03-30,2016-03-28,2017-04-03,2018-03-26,2019-03-28,2020-03-21,2021-03-20,2022-03-27,2023-03-20,3 30,
Fukui,35.9263502,136.6068127,True,1953-04-07,1954-04-02,1955-04-01,1956-04-09,1957-04-11,1958-04-03,1959-03-30,1960-04-01,1961-04-05,1962-04-08,1963-04-09,1964-04-06,1965-04-16,1966-04-03,1967-04-03,1968-04-06,1969-04-09,1970-04-14,1971-04-08,1972-04-04,1973-04-05,1974-04-07,1975-04-07,1976-04-02,1977-04-10,1978-04-12,1979-03-31,1980-04-08,1981-04-09,1982-04-01,1983-04-07,1984-04-17,1985-04-08,1986-04-10,1987-04-04,1988-04-12,1989-03-28,1990-03-27,1991-04-06,1992-04-01,1993-04-04,1994-04-07,1995-04-05,1996-04-07,1997-03-30,1998-03-29,1999-03-26,2000-04-08,2001-04-02,2002-03-26,2003-04-02,2004-03-29,2005-04-07,2006-04-05,2007-03-29,2008-04-02,2009-03-26,2010-04-02,2011-04-07,2012-04-10,2013-03-28,2014-03-31,2015-03-31,2016-03-27,2017-04-05,2018-03-29,2019-03-28,2020-03-25,2021-03-22,2022-03-31,2023-03-22,4  1,
Takayama,36.1396246,137.2510322,False,1953-04-21,1954-04-06,1955-04-10,1956-04-19,1957-04-21,1958-04-14,1959-04-08,1960-04-12,1961-04-15,1962-04-16,1963-04-17,1964-04-12,1965-04-25,1966-04-16,1967-04-13,1968-04-16,1969-04-15,1970-04-24,1971-04-14,1972-04-10,1973-04-12,1974-04-20,1975-04-18,1976-04-15,1977-04-15,1978-04-24,1979-04-09,1980-04-19,1981-04-23,1982-04-17,1983-04-14,1984-04-28,1985-04-15,1986-04-21,1987-04-15,1988-04-22,1989-04-09,1990-04-09,1991-04-15,1992-04-10,1993-04-21,1994-04-18,1995-04-18,1996-04-25,1997-04-14,1998-04-10,1999-04-13,2000-04-21,2001-04-12,2002-04-05,2003-04-17,2004-04-10,2005-04-17,,,,,,,,,,,,,,,,,,,-,
Matsumoto,36.2382047,137.9687141,False,1953-04-11,1954-04-07,1955-04-08,1956-04-15,1957-04-17,1958-04-08,1959-04-05,1960-04-08,1961-04-14,1962-04-14,1963-04-15,1964-04-13,1965-04-25,1966-04-14,1967-04-12,1968-04-14,1969-04-14,1970-04-21,1971-04-14,1972-04-08,1973-04-13,1974-04-17,1975-04-15,1976-04-14,1977-04-13,1978-04-18,1979-04-06,1980-04-14,1981-04-14,1982-04-10,1983-04-12,1984-04-24,1985-04-14,1986-04-18,1987-04-08,1988-04-19,1989-04-04,1990-04-04,1991-04-10,1992-04-06,1993-04-14,1994-04-14,1995-04-14,1996-04-19,1997-04-05,1998-04-08,1999-04-05,2000-04-13,2001-04-08,2002-03-30,2003-04-13,2004-04-02,2005-04-09,2006-04-12,2007-04-01,,,,,,,,,,,,,,,,,-,
Maebashi,36.3893418,139.0632826,True,1953-04-03,1954-03-29,1955-03-29,1956-04-06,1957-04-06,1958-04-01,1959-03-24,1960-03-27,1961-04-02,1962-04-02,1963-04-02,1964-04-05,1965-04-08,1966-03-25,1967-03-31,1968-04-02,1969-04-07,1970-04-11,1971-04-01,1972-03-30,1973-04-03,1974-04-06,1975-04-04,1976-03-29,1977-03-28,1978-04-10,1979-03-28,1980-04-05,1981-03-30,1982-03-27,1983-04-05,1984-04-15,1985-04-05,1986-04-08,1987-03-26,1988-04-05,1989-03-26,1990-03-24,1991-03-31,1992-03-26,1993-03-27,1994-04-02,1995-04-05,1996-04-04,1997-03-28,1998-03-29,1999-03-26,2000-04-04,2001-03-26,2002-03-20,2003-03-31,2004-03-26,2005-04-06,2006-03-28,2007-03-28,2008-03-26,2009-03-30,2010-04-01,2011-04-03,2012-04-08,2013-03-22,2014-03-29,2015-03-28,2016-03-23,2017-04-02,2018-03-25,2019-03-27,2020-03-19,2021-03-21,2022-03-27,2023-03-18,3 29,
Kumagaya,36.1472472,139.3886141,True,1953-04-01,1954-03-30,1955-03-30,1956-04-04,1957-04-07,1958-04-01,1959-03-26,1960-03-28,1961-04-03,1962-04-02,1963-04-04,1964-04-04,1965-04-06,1966-03-27,1967-04-01,1968-04-02,1969-04-05,1970-04-10,1971-04-02,1972-03-28,1973-04-01,1974-04-06,1975-04-01,1976-03-30,1977-03-28,1978-04-08,1979-03-27,1980-04-05,1981-03-30,1982-03-28,1983-04-04,1984-04-14,1985-04-04,1986-04-06,1987-03-25,1988-04-04,1989-03-26,1990-03-22,1991-03-29,1992-03-22,1993-03-25,1994-04-01,1995-04-02,1996-04-01,1997-03-26,1998-03-28,1999-03-27,2000-03-31,2001-03-25,2002-03-17,2003-03-28,2004-03-23,2005-04-04,2006-03-27,2007-03-23,2008-03-25,2009-03-25,2010-03-31,2011-04-01,2012-04-04,2013-03-19,2014-03-28,2015-03-27,2016-03-23,2017-03-28,2018-03-22,2019-03-25,2020-03-18,2021-03-19,2022-03-24,2023-03-17,3 27,
Mito,36.3659174,140.4731743,True,1953-04-04,1954-04-01,1955-03-29,1956-04-09,1957-04-08,1958-04-04,1959-03-30,1960-04-04,1961-04-06,1962-04-09,1963-04-06,1964-04-06,1965-04-12,1966-04-01,1967-04-02,1968-04-04,1969-04-08,1970-04-13,1971-04-05,1972-03-31,1973-04-05,1974-04-10,1975-04-09,1976-04-05,1977-04-05,1978-04-11,1979-03-29,1980-04-09,1981-04-08,1982-04-01,1983-04-07,1984-04-20,1985-04-07,1986-04-10,1987-03-28,1988-04-06,1989-03-27,1990-03-25,1991-04-05,1992-03-31,1993-04-02,1994-04-05,1995-04-05,1996-04-07,1997-03-29,1998-03-31,1999-03-29,2000-04-03,2001-03-30,2002-03-20,2003-04-01,2004-03-27,2005-04-06,2006-03-30,2007-03-24,2008-03-27,2009-03-27,2010-04-02,2011-04-06,2012-04-06,2013-03-21,2014-03-29,2015-03-30,2016-03-28,2017-04-03,2018-03-25,2019-03-27,2020-03-21,2021-03-20,2022-03-30,2023-03-20,3 30,
Tsuruga,35.6445135,136.0734634,False,1953-04-03,1954-03-30,1955-03-28,1956-04-04,1957-04-11,1958-04-05,1959-03-28,1960-03-30,1961-04-06,1962-04-05,1963-04-06,1964-04-05,1965-04-15,1966-03-29,1967-04-02,1968-04-07,1969-04-10,1970-04-13,1971-04-06,1972-04-04,1973-04-07,1974-04-07,1975-04-08,1976-03-30,1977-04-06,1978-04-10,1979-03-30,1980-04-06,1981-04-08,1982-03-30,1983-04-07,1984-04-17,1985-04-07,1986-04-09,1987-04-02,1988-04-12,1989-03-24,1990-03-25,1991-04-04,1992-03-29,1993-04-02,1994-04-05,1995-04-04,1996-04-06,1997-03-29,1998-03-29,1999-03-26,2000-04-07,2001-04-01,2002-03-24,2003-03-30,2004-03-28,2005-04-06,,,,,,,,,,,,,,,,,,,-,
Gifu,35.7867449,137.0460777,True,1953-04-03,1954-03-29,1955-03-27,1956-03-31,1957-04-08,1958-03-28,1959-03-22,1960-03-23,1961-04-02,1962-04-06,1963-04-04,1964-04-04,1965-04-09,1966-03-27,1967-03-30,1968-04-04,1969-04-03,1970-04-09,1971-03-31,1972-03-28,1973-03-31,1974-04-04,1975-04-01,1976-03-26,1977-03-28,1978-04-06,1979-03-29,1980-04-01,1981-03-30,1982-03-23,1983-04-02,1984-04-12,1985-03-29,1986-04-01,1987-03-26,1988-04-03,1989-03-16,1990-03-17,1991-03-28,1992-03-24,1993-03-27,1994-03-31,1995-03-27,1996-03-30,1997-03-22,1998-03-22,1999-03-23,2000-04-03,2001-03-25,2002-03-17,2003-03-24,2004-03-24,2005-04-02,2006-03-26,2007-03-23,2008-03-23,2009-03-18,2010-03-20,2011-03-28,2012-03-30,2013-03-21,2014-03-24,2015-03-23,2016-03-20,2017-03-28,2018-03-19,2019-03-22,2020-03-21,2021-03-16,2022-03-21,2023-03-16,3 25,
Nagoya,35.1851045,136.8998438,True,1953-04-03,1954-03-30,1955-03-29,1956-03-29,1957-04-08,1958-03-25,1959-03-23,1960-03-22,1961-03-31,1962-04-03,1963-04-02,1964-04-02,1965-04-08,1966-03-24,1967-03-29,1968-04-02,1969-04-01,1970-04-07,1971-03-31,1972-03-27,1973-03-30,1974-04-03,1975-03-31,1976-03-25,1977-03-26,1978-04-05,1979-03-27,1980-03-30,1981-03-28,1982-03-23,1983-03-31,1984-04-11,1985-03-28,1986-04-01,1987-03-25,1988-04-03,1989-03-17,1990-03-17,1991-03-28,1992-03-21,1993-03-26,1994-03-31,1995-03-27,1996-03-29,1997-03-23,1998-03-22,1999-03-24,2000-04-03,2001-03-26,2002-03-19,2003-03-24,2004-03-23,2005-03-31,2006-03-26,2007-03-23,2008-03-22,2009-03-19,2010-03-18,2011-03-27,2012-03-30,2013-03-19,2014-03-24,2015-03-21,2016-03-19,2017-03-28,2018-03-19,2019-03-22,2020-03-22,2021-03-17,2022-03-22,2023-03-17,3 24,
Iida,35.5147101,137.8219519,False,1953-04-07,1954-04-03,1955-04-04,1956-04-06,1957-04-12,1958-04-05,1959-03-27,1960-03-30,1961-04-06,1962-04-11,1963-04-07,1964-04-09,1965-04-16,1966-04-05,1967-04-08,1968-04-09,1969-04-06,1970-04-16,1971-04-05,1972-04-04,1973-04-06,1974-04-10,1975-04-09,1976-04-01,1977-04-05,1978-04-14,1979-04-01,1980-04-08,1981-04-08,1982-04-01,1983-04-09,1984-04-19,1985-04-06,1986-04-12,1987-04-05,1988-04-14,1989-03-29,1990-03-28,1991-04-05,1992-03-30,1993-04-03,1994-04-06,1995-04-06,1996-04-08,1997-03-30,1998-03-30,1999-03-29,2000-04-10,2001-04-06,2002-03-27,2003-04-06,2004-04-02,2005-04-09,2006-04-07,,,,,,,,,,,,,,,,,,-,
Kofu,35.6652481,138.5710441,True,1953-03-30,1954-03-31,1955-03-29,1956-03-29,1957-04-07,1958-04-01,1959-03-24,1960-03-25,1961-04-02,1962-04-02,1963-04-02,1964-04-03,1965-04-07,1966-03-26,1967-04-01,1968-04-03,1969-04-03,1970-04-09,1971-03-30,1972-03-29,1973-04-01,1974-04-02,1975-04-02,1976-03-26,1977-03-25,1978-04-07,1979-03-27,1980-04-01,1981-03-29,1982-03-27,1983-04-04,1984-04-12,1985-03-30,1986-04-04,1987-03-26,1988-04-04,1989-03-25,1990-03-20,1991-03-29,1992-03-24,1993-03-26,1994-04-01,1995-03-31,1996-03-31,1997-03-22,1998-03-26,1999-03-18,2000-03-31,2001-03-25,2002-03-17,2003-03-27,2004-03-24,2005-03-31,2006-03-24,2007-03-21,2008-03-24,2009-03-20,2010-03-20,2011-03-29,2012-04-01,2013-03-19,2014-03-28,2015-03-25,2016-03-23,2017-03-30,2018-03-23,2019-03-27,2020-03-22,2021-03-18,2022-03-21,2023-03-17,3 25,
Choshi,35.7345338,140.8272667,True,1953-03-25,1954-03-26,1955-03-25,1956-03-29,1957-04-05,1958-04-01,1959-03-23,1960-03-26,1961-04-01,1962-04-01,1963-04-04,1964-04-03,1965-04-13,1966-03-23,1967-04-01,1968-03-31,1969-04-04,1970-04-10,1971-04-02,1972-03-29,1973-04-01,1974-04-02,1975-04-03,1976-03-26,1977-03-26,1978-04-08,1979-03-26,1980-04-05,1981-04-02,1982-03-26,1983-04-05,1984-04-16,1985-04-03,1986-04-08,1987-03-25,1988-04-03,1989-03-20,1990-03-21,1991-04-01,1992-03-28,1993-04-04,1994-04-04,1995-04-02,1996-03-31,1997-03-30,1998-04-03,1999-03-25,2000-04-04,2001-03-26,2002-03-19,2003-03-28,2004-03-30,2005-04-07,2006-03-25,2007-03-30,2008-03-25,2009-04-01,2010-04-01,2011-04-04,2012-04-02,2013-03-21,2014-03-29,2015-03-30,2016-04-01,2017-04-01,2018-03-20,2019-03-25,2020-03-27,2021-03-22,2022-03-27,2023-03-22,3 30,
Tsu,34.7341973,136.5153283,True,1953-04-01,1954-03-30,1955-03-31,1956-04-03,1957-04-08,1958-04-06,1959-03-23,1960-03-28,1961-04-03,1962-04-06,1963-04-06,1964-04-05,1965-04-12,1966-03-26,1967-03-30,1968-04-04,1969-04-08,1970-04-12,1971-04-03,1972-04-02,1973-04-01,1974-04-06,1975-04-04,1976-03-31,1977-03-31,1978-04-09,1979-03-30,1980-04-03,1981-03-28,1982-03-24,1983-04-03,1984-04-12,1985-03-30,1986-04-03,1987-03-25,1988-04-05,1989-03-25,1990-03-22,1991-04-01,1992-03-28,1993-04-02,1994-04-03,1995-04-03,1996-04-05,1997-03-28,1998-03-27,1999-03-27,2000-04-05,2001-03-28,2002-03-21,2003-03-28,2004-03-28,2005-04-03,2006-03-31,2007-03-26,2008-03-27,2009-03-23,2010-03-24,2011-04-01,2012-04-04,2013-03-25,2014-03-27,2015-03-29,2016-03-28,2017-04-03,2018-03-26,2019-03-28,2020-03-25,2021-03-20,2022-03-26,2023-03-22,3 29,
Hamamatsu,34.7109786,137.7259431,False,1953-04-01,1954-03-28,1955-03-27,1956-04-05,1957-04-07,1958-04-02,1959-03-28,1960-03-29,1961-04-01,1962-04-06,1963-03-31,1964-04-02,1965-04-07,1966-03-22,1967-03-28,1968-03-31,1969-04-01,1970-04-03,1971-03-28,1972-03-27,1973-03-30,1974-03-29,1975-03-30,1976-03-20,1977-03-22,1978-04-03,1979-03-25,1980-03-31,1981-03-26,1982-03-23,1983-04-01,1984-04-06,1985-03-27,1986-03-30,1987-03-25,1988-04-03,1989-03-21,1990-03-17,1991-03-30,1992-03-26,1993-03-31,1994-04-03,1995-03-31,1996-03-28,1997-03-26,1998-03-24,1999-03-24,2000-04-03,2001-03-26,2002-03-19,2003-03-24,2004-03-27,2005-04-02,,,,,,,,,,,,,,,,,,,-,
Shizuoka,34.9332488,138.0955398,True,1953-03-25,1954-03-27,1955-03-26,1956-03-28,1957-04-01,1958-03-25,1959-03-20,1960-03-24,1961-03-31,1962-04-02,1963-03-30,1964-04-01,1965-04-01,1966-03-19,1967-03-28,1968-03-29,1969-03-29,1970-04-02,1971-03-29,1972-03-27,1973-03-29,1974-03-29,1975-03-30,1976-03-23,1977-03-22,1978-04-06,1979-03-29,1980-03-31,1981-03-26,1982-03-23,1983-04-03,1984-04-06,1985-03-28,1986-03-30,1987-03-26,1988-04-03,1989-03-21,1990-03-20,1991-03-31,1992-03-24,1993-03-30,1994-04-02,1995-04-01,1996-03-26,1997-03-22,1998-03-21,1999-03-21,2000-03-30,2001-03-23,2002-03-15,2003-03-21,2004-03-18,2005-03-29,2006-03-17,2007-03-24,2008-03-22,2009-03-19,2010-03-17,2011-03-20,2012-03-24,2013-03-17,2014-03-24,2015-03-22,2016-03-27,2017-04-02,2018-03-18,2019-03-28,2020-03-27,2021-03-20,2022-03-21,2023-03-19,3 24,
Tokyo Japan,35.65858645,139.74544005796224,True,1953-03-26,1954-03-26,1955-03-24,1956-03-26,1957-04-02,1958-03-30,1959-03-24,1960-03-23,1961-04-01,1962-04-01,1963-04-01,1964-04-02,1965-04-02,1966-03-20,1967-03-30,1968-03-29,1969-04-06,1970-04-07,1971-03-30,1972-03-28,1973-03-31,1974-04-02,1975-03-29,1976-03-22,1977-03-22,1978-03-31,1979-03-23,1980-03-31,1981-03-26,1982-03-23,1983-03-31,1984-04-11,1985-04-03,1986-04-03,1987-03-23,1988-04-02,1989-03-20,1990-03-20,1991-03-30,1992-03-24,1993-03-24,1994-03-31,1995-03-31,1996-03-31,1997-03-21,1998-03-27,1999-03-24,2000-03-30,2001-03-23,2002-03-16,2003-03-27,2004-03-18,2005-03-31,2006-03-21,2007-03-20,2008-03-22,2009-03-21,2010-03-22,2011-03-28,2012-03-31,2013-03-16,2014-03-25,2015-03-23,2016-03-21,2017-03-21,2018-03-17,2019-03-21,2020-03-14,2021-03-14,2022-03-20,2023-03-14,3 24,
Owashi,36.0545463,140.0904465,False,1953-03-22,1954-03-26,1955-03-21,1956-03-28,1957-04-05,1958-03-28,1959-03-18,1960-03-28,1961-03-28,1962-04-02,1963-04-01,1964-04-03,1965-04-07,1966-03-22,1967-03-27,1968-03-30,1969-04-01,1970-04-05,1971-03-28,1972-03-29,1973-03-30,1974-03-27,1975-03-31,1976-03-26,1977-03-24,1978-04-05,1979-03-31,1980-03-30,1981-03-26,1982-03-23,1983-04-03,1984-04-05,1985-03-29,1986-03-30,1987-03-28,1988-03-30,1989-03-17,1990-03-20,1991-03-29,1992-03-25,1993-03-27,1994-04-02,1995-03-31,1996-03-27,1997-03-27,1998-03-26,1999-03-22,2000-03-31,2001-03-26,2002-03-20,2003-03-22,2004-03-28,2005-04-02,2006-03-23,2007-03-23,,,,,,,,,,,,,,,,,-,
Yokohama,35.4443947,139.6367727,True,1953-03-25,1954-03-26,1955-03-24,1956-03-28,1957-04-03,1958-03-25,1959-03-20,1960-03-21,1961-03-31,1962-03-29,1963-04-01,1964-04-04,1965-04-03,1966-03-19,1967-03-30,1968-03-29,1969-04-03,1970-04-04,1971-03-30,1972-03-28,1973-03-31,1974-04-01,1975-03-30,1976-03-25,1977-03-25,1978-04-05,1979-03-24,1980-04-01,1981-03-27,1982-03-23,1983-04-02,1984-04-10,1985-04-01,1986-04-02,1987-03-21,1988-04-02,1989-03-21,1990-03-18,1991-03-29,1992-03-23,1993-03-24,1994-04-01,1995-03-31,1996-03-29,1997-03-25,1998-03-28,1999-03-24,2000-03-29,2001-03-22,2002-03-15,2003-03-27,2004-03-18,2005-04-02,2006-03-21,2007-03-23,2008-03-23,2009-03-22,2010-03-22,2011-03-30,2012-04-02,2013-03-18,2014-03-25,2015-03-23,2016-03-23,2017-03-25,2018-03-19,2019-03-21,2020-03-18,2021-03-17,2022-03-21,2023-03-15,3 25,
Tateyama,34.9965304,139.8699838,False,,,,,,,,,,,,,,,,,1969-04-01,1970-04-06,1971-03-30,1972-03-29,1973-03-31,1974-04-01,1975-04-02,1976-03-23,1977-03-23,1978-04-07,1979-03-31,1980-04-06,1981-04-01,1982-03-25,1983-04-06,1984-04-09,1985-04-03,1986-03-31,1987-03-25,1988-04-05,1989-03-25,1990-03-20,1991-04-03,1992-03-27,1993-04-02,1994-04-03,1995-04-05,1996-03-30,1997-03-30,1998-03-31,1999-03-30,2000-04-04,2001-03-25,2002-03-19,2003-03-27,2004-03-30,2005-04-03,2006-03-21,,,,,,,,,,,,,,,,,,-,
Oshima,34.737515,139.400251,False,1953-04-05,1954-03-26,,1956-03-20,1957-03-26,,1959-03-21,,,,1963-04-01,1964-04-03,1965-04-06,1966-03-17,1967-03-31,1968-03-29,1969-04-04,1970-04-03,1971-03-29,1972-03-29,1973-04-01,1974-04-01,1975-03-31,1976-03-29,1977-03-26,1978-04-04,1979-03-30,1980-04-03,1981-03-29,1982-03-24,1983-04-03,1984-04-07,1985-04-03,1986-04-01,1987-03-29,1988-04-05,1989-03-22,1990-03-20,1991-03-27,1992-03-26,1993-04-01,1994-04-03,1995-04-01,1996-03-28,1997-03-27,1998-03-28,1999-03-22,2000-04-02,2001-03-24,2002-03-17,2003-03-25,2004-03-25,2005-03-29,2006-03-20,2007-03-26,2008-03-24,2009-03-26,,,,,,,,,,,,,,,-,
Miyakejima,34.085378000000006,139.52127731368265,False,,,,,,,,,,,,,1965-03-28,1966-03-17,1967-03-25,1968-03-28,1969-03-25,,1971-03-27,1972-03-30,1973-04-01,1974-03-25,1975-04-02,1976-03-25,1977-03-20,1978-04-04,1979-03-31,1980-03-31,1981-03-26,1982-03-26,1983-04-02,1984-04-04,1985-03-25,1986-03-29,1987-03-30,1988-04-04,1989-03-16,1990-03-20,1991-03-28,1992-03-31,1993-04-01,1994-04-03,1995-04-05,1996-03-28,1997-03-24,1998-03-28,1999-03-21,2000-04-04,,,,,,,,,,,,,,,,,,,,,,,,-,
Hachijojima,33.1024935,139.8076939278656,False,1953-03-27,1954-04-03,1955-03-21,1956-03-28,1957-04-02,1958-04-04,1959-04-01,1960-04-03,1961-04-01,1962-04-02,1963-04-01,1964-04-05,1965-04-07,1966-03-28,1967-03-28,1968-03-25,1969-04-23,1970-04-06,1971-04-02,1972-04-15,1973-04-07,1974-03-30,1975-04-07,1976-03-26,1977-03-26,1978-04-08,1979-04-15,1980-04-04,1981-03-25,1982-03-29,1983-04-06,1984-04-02,1985-03-28,1986-03-27,1987-04-09,1988-04-03,1989-03-29,1990-03-30,1991-04-03,1992-03-30,1993-04-09,1994-04-04,1995-04-02,1996-03-23,1997-03-30,1998-04-01,1999-03-26,2000-04-06,2001-03-29,2002-03-28,2003-03-28,2004-03-26,2005-04-08,2006-03-19,2007-04-13,2008-03-30,2009-04-04,,,,,,,,,,,,,,,-,
Saigo,32.8728923,130.2439633,False,1953-04-06,1954-03-31,1955-03-31,1956-04-06,1957-04-09,1958-04-01,1959-03-25,1960-03-28,1961-04-03,1962-04-07,1963-04-09,1964-04-07,1965-04-12,1966-03-30,1967-04-01,1968-04-07,1969-04-13,1970-04-14,1971-04-08,1972-04-06,1973-04-07,1974-04-10,1975-04-08,1976-04-03,1977-04-03,1978-04-08,1979-04-01,1980-04-08,1981-04-05,1982-04-01,1983-04-07,1984-04-17,1985-04-07,1986-04-09,1987-03-31,1988-04-11,1989-03-30,1990-03-27,1991-04-09,1992-03-31,1993-04-02,1994-04-07,1995-04-06,1996-04-13,1997-03-31,1998-03-30,1999-04-03,2000-04-07,2001-04-02,2002-03-25,2003-04-03,2004-03-28,2005-04-07,2006-04-04,2007-03-28,2008-04-03,,,,,,,,,,,,,,,,-,
Matsue,35.468115,133.048768,True,1953-04-02,1954-03-31,1955-03-29,1956-04-05,1957-04-10,1958-04-05,1959-03-27,1960-03-29,1961-04-01,1962-04-05,1963-04-10,1964-04-05,1965-04-12,1966-03-28,1967-03-31,1968-04-05,1969-04-10,1970-04-09,1971-04-06,1972-04-04,1973-04-01,1974-04-06,1975-04-07,1976-04-02,1977-04-01,1978-04-08,1979-03-31,1980-04-03,1981-04-04,1982-03-30,1983-04-06,1984-04-13,1985-04-05,1986-04-07,1987-03-30,1988-04-10,1989-03-28,1990-03-24,1991-04-07,1992-03-30,1993-04-01,1994-04-05,1995-04-03,1996-04-06,1997-03-28,1998-03-26,1999-03-29,2000-04-02,2001-03-26,2002-03-22,2003-03-31,2004-03-21,2005-04-05,2006-03-28,2007-03-26,2008-04-01,2009-03-22,2010-03-22,2011-04-06,2012-04-06,2013-03-23,2014-03-27,2015-03-29,2016-03-23,2017-04-01,2018-03-26,2019-03-26,2020-03-23,2021-03-14,2022-03-26,2023-03-20,3 29,
Yonago,35.4276408,133.331459,False,,1954-04-05,1955-03-27,1956-04-07,1957-04-10,1958-04-04,1959-03-26,1960-03-29,1961-04-01,1962-04-05,1963-04-05,1964-04-03,1965-04-13,1966-03-29,1967-04-01,1968-04-04,1969-04-09,1970-04-09,1971-04-05,1972-03-31,1973-03-31,1974-04-05,1975-04-06,1976-03-31,1977-03-31,1978-04-08,1979-03-31,1980-04-05,1981-04-03,1982-03-30,1983-04-05,1984-04-14,1985-04-04,1986-04-08,1987-03-30,1988-04-11,1989-03-29,1990-03-24,1991-04-05,1992-03-31,1993-04-01,1994-04-05,1995-04-04,1996-04-06,1997-03-28,1998-03-27,1999-03-27,2000-04-03,2001-03-25,2002-03-20,2003-03-30,2004-03-21,2005-04-04,2006-04-01,2007-03-25,2008-03-31,,,,,,,,,,,,,,,,-,
Tottori,35.3555075,133.8678525,True,1953-04-03,1954-04-01,1955-03-29,1956-04-03,1957-04-10,1958-04-04,1959-03-28,1960-03-30,1961-04-04,1962-04-04,1963-04-06,1964-04-05,1965-04-12,1966-03-29,1967-03-31,1968-04-04,1969-04-08,1970-04-10,1971-04-05,1972-03-30,1973-04-01,1974-04-04,1975-04-04,1976-03-31,1977-04-02,1978-04-08,1979-03-30,1980-04-05,1981-03-31,1982-03-30,1983-04-06,1984-04-13,1985-04-04,1986-04-07,1987-03-29,1988-04-11,1989-03-29,1990-03-24,1991-04-05,1992-03-31,1993-04-01,1994-04-05,1995-04-04,1996-04-06,1997-03-28,1998-03-26,1999-03-26,2000-04-05,2001-03-26,2002-03-22,2003-03-31,2004-03-24,2005-04-05,2006-04-01,2007-03-25,2008-03-29,2009-03-22,2010-03-25,2011-04-02,2012-04-03,2013-03-20,2014-03-27,2015-03-28,2016-03-23,2017-04-02,2018-03-24,2019-03-26,2020-03-23,2021-03-19,2022-03-27,2023-03-19,3 29,
Toyooka,35.5446737,134.8201126,False,1953-04-05,1954-04-02,1955-04-01,1956-04-05,1957-04-08,1958-04-05,1959-03-25,1960-03-29,1961-04-03,1962-04-07,1963-04-08,1964-04-04,1965-04-14,1966-04-01,1967-04-03,1968-04-06,1969-04-09,1970-04-14,1971-04-07,1972-04-02,1973-04-04,1974-04-07,1975-04-08,1976-04-03,1977-04-07,1978-04-10,1979-03-30,1980-04-05,1981-04-05,1982-03-31,1983-04-04,1984-04-16,1985-04-08,1986-04-10,1987-04-04,1988-04-13,1989-03-30,1990-03-28,1991-04-06,1992-04-02,1993-04-03,1994-04-06,1995-04-06,1996-04-09,1997-04-01,1998-03-28,1999-03-29,2000-04-08,2001-03-28,2002-03-26,2003-04-03,2004-03-28,2005-04-07,2006-04-04,2007-03-26,,,,,,,,,,,,,,,,,-,
Maizuru,35.4704853,135.34844,False,1953-04-01,1954-03-30,1955-03-29,1956-03-31,1957-04-11,1958-04-04,1959-03-27,1960-03-30,1961-04-04,1962-04-03,1963-04-03,1964-04-05,1965-04-13,1966-04-02,1967-04-02,1968-04-06,1969-04-09,1970-04-14,1971-04-06,1972-03-31,1973-04-04,1974-04-07,1975-04-07,1976-04-04,1977-04-03,1978-04-10,1979-03-30,1980-04-06,1981-04-05,1982-03-30,1983-04-05,1984-04-16,1985-04-06,1986-04-09,1987-04-04,1988-04-12,1989-03-30,1990-03-26,1991-04-05,1992-03-31,1993-04-03,1994-04-06,1995-04-06,1996-04-09,1997-04-02,1998-03-28,1999-03-31,2000-04-10,2001-03-29,2002-03-25,2003-04-03,2004-03-27,2005-04-07,2006-04-05,2007-03-31,2008-04-02,2009-03-25,2010-03-27,2011-04-05,2012-04-09,2013-03-25,,,,,,,,,,,-,
Hamada,34.8991982,132.0799984,False,1953-03-23,1954-03-26,1955-03-22,1956-04-02,1957-04-05,1958-03-25,1959-03-23,1960-03-26,1961-03-30,1962-03-28,1963-04-04,1964-04-01,1965-04-01,1966-03-20,1967-03-26,1968-04-02,1969-04-03,1970-04-04,1971-04-02,1972-04-03,1973-03-28,1974-04-02,1975-03-31,1976-03-24,1977-03-25,1978-04-04,1979-03-28,1980-04-01,1981-03-28,1982-03-23,1983-04-04,1984-04-09,1985-04-01,1986-04-03,1987-03-26,1988-04-06,1989-03-26,1990-03-20,1991-04-04,1992-03-26,1993-03-30,1994-04-02,1995-03-31,1996-03-30,1997-03-27,1998-03-23,1999-03-28,2000-03-30,2001-03-24,2002-03-17,2003-03-29,2004-03-21,2005-04-01,2006-03-26,2007-03-25,,,,,,,,,,,,,,,,,-,
Kyoto,35.021041,135.7556075,True,1953-04-05,1954-03-29,1955-03-28,1956-04-01,1957-04-07,1958-04-02,1959-03-23,1960-03-29,1961-03-31,1962-04-02,1963-04-04,1964-04-05,1965-04-09,1966-03-27,1967-04-01,1968-04-02,1969-04-07,1970-04-09,1971-04-01,1972-03-30,1973-04-01,1974-04-04,1975-04-04,1976-03-29,1977-03-29,1978-04-08,1979-03-31,1980-04-05,1981-03-30,1982-03-24,1983-04-02,1984-04-09,1985-04-02,1986-04-03,1987-03-27,1988-04-05,1989-03-24,1990-03-21,1991-03-30,1992-03-27,1993-03-28,1994-04-03,1995-03-31,1996-03-31,1997-03-26,1998-03-24,1999-03-25,2000-04-03,2001-03-24,2002-03-18,2003-03-28,2004-03-24,2005-04-02,2006-03-27,2007-03-25,2008-03-24,2009-03-19,2010-03-19,2011-03-28,2012-04-03,2013-03-22,2014-03-27,2015-03-27,2016-03-23,2017-03-31,2018-03-22,2019-03-27,2020-03-22,2021-03-16,2022-03-24,2023-03-17,3 26,
Hikone,35.254276,136.215376,True,1953-04-05,1954-03-31,1955-03-31,1956-04-05,1957-04-10,1958-04-05,1959-03-29,1960-03-31,1961-04-04,1962-04-05,1963-04-05,1964-04-06,1965-04-15,1966-04-05,1967-04-03,1968-04-06,1969-04-07,1970-04-11,1971-04-03,1972-03-31,1973-04-02,1974-04-08,1975-04-06,1976-04-02,1977-04-05,1978-04-09,1979-04-02,1980-04-06,1981-04-05,1982-03-30,1983-04-06,1984-04-15,1985-04-06,1986-04-09,1987-04-04,1988-04-07,1989-03-30,1990-03-23,1991-04-04,1992-03-31,1993-04-03,1994-04-05,1995-04-01,1996-04-08,1997-03-30,1998-03-29,1999-03-29,2000-04-09,2001-04-01,2002-03-26,2003-03-31,2004-03-28,2005-04-06,2006-04-06,2007-03-30,2008-03-30,2009-03-28,2010-04-01,2011-04-01,2012-04-08,2013-03-30,2014-04-02,2015-03-31,2016-03-30,2017-04-05,2018-03-27,2019-04-04,2020-03-27,2021-03-22,2022-03-31,2023-03-23,4  1,
Hiroshima,34.3917241,132.4517589,True,1953-04-02,1954-03-28,1955-03-24,1956-04-02,1957-04-05,1958-03-26,1959-03-21,1960-03-23,1961-03-31,1962-03-30,1963-04-02,1964-04-02,1965-04-02,1966-03-26,1967-03-29,1968-04-02,1969-04-05,1970-04-06,1971-04-03,1972-03-30,1973-03-30,1974-04-03,1975-04-02,1976-03-28,1977-03-26,1978-04-03,1979-03-29,1980-04-01,1981-03-30,1982-03-24,1983-04-04,1984-04-08,1985-03-30,1986-04-02,1987-03-25,1988-04-03,1989-03-25,1990-03-20,1991-03-31,1992-03-27,1993-03-26,1994-03-31,1995-03-29,1996-04-01,1997-03-22,1998-03-20,1999-03-27,2000-03-28,2001-03-23,2002-03-20,2003-03-25,2004-03-19,2005-04-03,2006-03-22,2007-03-22,2008-03-25,2009-03-22,2010-03-20,2011-04-01,2012-04-02,2013-03-22,2014-03-25,2015-03-24,2016-03-23,2017-03-27,2018-03-22,2019-03-22,2020-03-22,2021-03-11,2022-03-21,2023-03-19,3 25,
Okayama,34.8581334,133.7759256,True,1953-03-31,1954-03-28,1955-03-25,1956-03-29,1957-04-06,1958-04-01,1959-03-23,1960-03-28,1961-04-02,1962-04-02,1963-04-05,1964-04-03,1965-04-08,1966-03-26,1967-03-31,1968-04-04,1969-04-06,1970-04-08,1971-04-02,1972-03-31,1973-03-31,1974-04-05,1975-04-05,1976-03-30,1977-03-30,1978-04-03,1979-03-29,1980-04-02,1981-03-30,1982-03-25,1983-04-04,1984-04-10,1985-04-01,1986-04-03,1987-03-25,1988-04-05,1989-03-26,1990-03-23,1991-03-31,1992-03-30,1993-03-29,1994-04-03,1995-04-01,1996-04-03,1997-03-28,1998-03-27,1999-03-27,2000-04-01,2001-03-26,2002-03-20,2003-03-29,2004-03-25,2005-04-03,2006-03-29,2007-03-26,2008-03-26,2009-03-21,2010-03-22,2011-03-31,2012-04-03,2013-03-24,2014-03-28,2015-03-28,2016-03-26,2017-04-01,2018-03-25,2019-03-27,2020-03-24,2021-03-20,2022-03-26,2023-03-22,3 28,
Kobe,34.6932379,135.1943764,True,1953-04-04,1954-03-28,1955-03-30,1956-03-30,1957-04-08,1958-04-02,1959-03-27,1960-03-28,1961-04-01,1962-04-02,1963-04-04,1964-04-04,1965-04-08,1966-03-25,1967-03-31,1968-03-31,1969-04-04,1970-04-06,1971-03-31,1972-03-31,1973-03-29,1974-04-01,1975-03-31,1976-03-25,1977-03-26,1978-04-06,1979-03-29,1980-04-03,1981-03-29,1982-03-24,1983-04-01,1984-04-10,1985-03-30,1986-04-03,1987-03-27,1988-04-05,1989-03-25,1990-03-21,1991-03-29,1992-03-27,1993-03-29,1994-04-02,1995-03-31,1996-03-31,1997-03-26,1998-03-24,1999-03-25,2000-04-02,2001-03-25,2002-03-22,2003-03-28,2004-03-26,2005-04-03,2006-03-27,2007-03-30,2008-03-26,2009-03-23,2010-03-20,2011-03-31,2012-04-02,2013-03-21,2014-03-27,2015-03-27,2016-03-26,2017-04-03,2018-03-23,2019-03-27,2020-03-26,2021-03-24,2022-03-25,2023-03-24,3 27,
Osaka,34.6198813,135.490357,True,1953-04-02,1954-03-31,1955-03-28,1956-03-30,1957-04-07,1958-03-27,1959-03-25,1960-03-28,1961-04-02,1962-04-04,1963-04-02,1964-04-03,1965-04-10,1966-03-23,1967-03-30,1968-04-01,1969-04-07,1970-04-08,1971-04-02,1972-03-30,1973-03-31,1974-04-03,1975-04-02,1976-03-29,1977-03-27,1978-04-04,1979-03-29,1980-04-03,1981-03-28,1982-03-23,1983-03-31,1984-04-10,1985-03-29,1986-04-02,1987-03-25,1988-04-05,1989-03-25,1990-03-21,1991-03-29,1992-03-26,1993-03-29,1994-03-31,1995-03-31,1996-03-31,1997-03-27,1998-03-25,1999-03-24,2000-04-02,2001-03-25,2002-03-20,2003-03-27,2004-03-23,2005-04-03,2006-03-28,2007-03-27,2008-03-26,2009-03-24,2010-03-21,2011-03-31,2012-04-02,2013-03-21,2014-03-27,2015-03-26,2016-03-23,2017-03-30,2018-03-20,2019-03-27,2020-03-23,2021-03-19,2022-03-23,2023-03-19,3 27,
Sumoto,34.3389909,134.859985,False,1953-03-30,1954-03-27,1955-03-30,1956-03-29,1957-04-06,1958-03-28,1959-03-23,1960-03-24,1961-03-31,1962-03-29,1963-04-03,1964-04-03,1965-04-05,1966-03-19,1967-03-27,1968-04-01,1969-04-04,1970-04-06,1971-03-30,1972-03-29,1973-03-30,1974-04-01,1975-03-30,1976-03-25,1977-03-26,1978-04-05,1979-03-28,1980-04-02,1981-03-30,1982-03-25,1983-04-04,1984-04-10,1985-04-03,1986-04-05,1987-03-25,1988-04-06,1989-03-19,1990-03-21,1991-04-03,1992-03-26,1993-03-31,1994-04-02,1995-04-04,1996-04-02,1997-03-29,1998-03-24,1999-03-30,2000-04-02,2001-03-26,2002-03-20,,,,,,,,,,,,,,,,,,,,,,-,
Wakayama,33.8070292,135.5930743,True,1953-03-20,1954-03-21,1955-03-30,1956-03-27,1957-04-04,1958-03-24,1959-03-19,1960-03-21,1961-03-25,1962-03-30,1963-04-02,1964-03-31,1965-03-31,1966-03-18,1967-03-26,1968-03-29,1969-04-02,1970-04-04,1971-03-28,1972-03-29,1973-03-30,1974-03-30,1975-03-31,1976-03-27,1977-03-23,1978-04-02,1979-03-28,1980-04-02,1981-03-25,1982-03-22,1983-04-02,1984-04-06,1985-03-28,1986-04-02,1987-03-25,1988-04-05,1989-03-20,1990-03-19,1991-03-27,1992-03-25,1993-03-28,1994-04-01,1995-03-28,1996-03-29,1997-03-18,1998-03-24,1999-03-24,2000-03-28,2001-03-23,2002-03-16,2003-03-26,2004-03-19,2005-03-29,2006-03-25,2007-03-26,2008-03-24,2009-03-21,2010-03-18,2011-03-27,2012-03-30,2013-03-18,2014-03-26,2015-03-23,2016-03-22,2017-03-30,2018-03-20,2019-03-25,2020-03-22,2021-03-18,2022-03-24,2023-03-20,3 24,
Shio Misaki,,,False,,,,,,1958-03-27,1959-03-10,1960-03-18,,1962-03-26,1963-03-30,1964-04-03,1965-04-06,1966-03-21,1967-03-27,1968-03-27,1969-04-04,1970-04-02,1971-03-27,1972-03-30,1973-03-30,1974-03-22,1975-03-29,1976-03-24,1977-03-21,1978-04-03,1979-04-01,1980-04-01,1981-03-26,1982-03-24,1983-04-02,1984-04-02,1985-03-27,1986-03-30,1987-03-31,1988-04-05,1989-03-20,1990-03-23,1991-03-27,1992-03-28,1993-04-02,1994-04-03,1995-03-31,1996-03-28,1997-03-23,1998-03-26,1999-03-21,2000-03-31,2001-03-27,2002-03-20,2003-03-19,2004-03-26,2005-04-01,2006-03-19,2007-03-28,2008-03-24,2009-03-22,,,,,,,,,,,,,,,-,
Nara,34.2963089,135.8816819,True,,1954-03-27,1955-03-27,1956-04-02,1957-04-07,1958-04-02,1959-03-24,1960-03-29,1961-04-02,1962-04-02,1963-04-04,1964-04-04,1965-04-12,1966-03-26,1967-04-01,1968-04-04,1969-04-05,1970-04-10,1971-04-02,1972-04-01,1973-03-31,1974-04-05,1975-04-05,1976-03-30,1977-03-30,1978-04-08,1979-03-30,1980-04-04,1981-03-31,1982-03-28,1983-04-04,1984-04-12,1985-04-02,1986-04-04,1987-03-28,1988-04-07,1989-03-25,1990-03-23,1991-03-28,1992-03-26,1993-03-30,1994-04-03,1995-04-01,1996-04-01,1997-03-28,1998-03-26,1999-03-26,2000-04-05,2001-03-26,2002-03-20,2003-03-30,2004-03-25,2005-04-02,2006-03-29,2007-03-27,2008-03-26,2009-03-23,2010-03-20,2011-03-31,2012-04-03,2013-03-22,2014-03-27,2015-03-27,2016-03-23,2017-04-03,2018-03-24,2019-03-29,2020-03-26,2021-03-21,2022-03-25,2023-03-20,3 28,
Matsuyama,33.8395188,132.7653521,True,1953-03-26,1954-03-27,1955-03-28,1956-03-28,1957-04-06,1958-04-01,1959-03-23,1960-03-24,1961-03-29,1962-04-01,1963-04-01,1964-04-02,1965-04-03,1966-03-24,1967-03-28,1968-03-31,1969-04-03,1970-04-02,1971-03-29,1972-03-30,1973-03-29,1974-03-30,1975-03-30,1976-03-27,1977-03-24,1978-04-02,1979-03-26,1980-03-30,1981-03-26,1982-03-21,1983-04-01,1984-04-05,1985-03-28,1986-03-31,1987-03-24,1988-04-03,1989-03-21,1990-03-18,1991-03-28,1992-03-25,1993-03-26,1994-03-31,1995-03-30,1996-03-29,1997-03-24,1998-03-21,1999-03-25,2000-03-28,2001-03-24,2002-03-18,2003-03-26,2004-03-19,2005-04-01,2006-03-24,2007-03-23,2008-03-25,2009-03-17,2010-03-14,2011-03-25,2012-03-30,2013-03-17,2014-03-24,2015-03-27,2016-03-23,2017-03-30,2018-03-19,2019-03-22,2020-03-25,2021-03-15,2022-03-21,2023-03-18,3 24,
Takamatsu,34.3425592,134.0465338,True,1953-04-01,1954-03-30,1955-03-30,1956-04-01,1957-04-03,1958-04-01,1959-03-26,1960-03-29,1961-04-01,1962-04-04,1963-04-04,1964-04-03,1965-04-05,1966-03-26,1967-03-31,1968-04-03,1969-04-07,1970-04-06,1971-03-31,1972-03-30,1973-03-30,1974-04-03,1975-03-31,1976-03-28,1977-03-28,1978-04-04,1979-03-29,1980-04-02,1981-03-30,1982-03-24,1983-04-02,1984-04-08,1985-03-31,1986-04-03,1987-03-24,1988-04-05,1989-03-24,1990-03-21,1991-03-29,1992-03-25,1993-03-27,1994-04-02,1995-03-31,1996-04-02,1997-03-28,1998-03-25,1999-03-27,2000-03-31,2001-03-26,2002-03-18,2003-03-28,2004-03-24,2005-04-01,2006-03-27,2007-03-28,2008-03-25,2009-03-20,2010-03-20,2011-03-31,2012-04-02,2013-03-22,2014-03-26,2015-03-24,2016-03-26,2017-04-02,2018-03-24,2019-03-26,2020-03-23,2021-03-15,2022-03-24,2023-03-22,3 27,
Uwajima,33.2232315,132.5606514,False,,,,,,,,,,,,,,,1967-03-25,1968-03-29,1969-03-30,1970-04-01,1971-03-26,1972-03-26,1973-03-28,1974-03-22,1975-03-27,1976-03-22,1977-03-20,1978-03-31,1979-03-27,1980-03-28,1981-03-25,1982-03-20,1983-03-30,1984-03-31,1985-03-26,1986-03-27,1987-03-23,1988-04-02,1989-03-15,1990-03-15,1991-03-24,1992-03-23,1993-03-30,1994-03-29,1995-03-27,1996-03-24,1997-03-17,1998-03-18,1999-03-19,2000-03-25,2001-03-21,2002-03-15,2003-03-20,2004-03-17,2005-03-28,,,,,,,,,,,,,,,,,,,-,
Kochi,33.5680384,133.5394221,True,,1954-03-25,1955-03-21,1956-03-24,1957-04-02,1958-03-24,1959-03-21,1960-03-23,1961-03-25,1962-03-30,1963-03-27,1964-03-30,1965-03-30,1966-03-17,1967-03-20,1968-03-29,1969-03-27,1970-03-27,1971-03-22,1972-03-22,1973-03-23,1974-03-23,1975-03-24,1976-03-23,1977-03-20,1978-03-29,1979-03-26,1980-03-26,1981-03-20,1982-03-17,1983-03-29,1984-03-30,1985-03-24,1986-03-25,1987-03-22,1988-03-28,1989-03-15,1990-03-14,1991-03-24,1992-03-25,1993-03-29,1994-03-30,1995-03-28,1996-03-25,1997-03-15,1998-03-17,1999-03-19,2000-03-27,2001-03-21,2002-03-17,2003-03-18,2004-03-19,2005-03-31,2006-03-15,2007-03-23,2008-03-24,2009-03-16,2010-03-10,2011-03-22,2012-03-21,2013-03-15,2014-03-18,2015-03-22,2016-03-24,2017-03-29,2018-03-15,2019-03-22,2020-03-24,2021-03-15,2022-03-19,2023-03-17,3 22,
Tokushima,33.9196418,134.2509634,True,1953-03-27,1954-03-28,1955-03-25,1956-03-27,1957-04-05,1958-03-28,1959-03-26,1960-03-28,1961-04-02,1962-03-30,1963-04-01,1964-04-01,1965-03-31,1966-03-18,1967-03-26,1968-03-31,1969-04-02,1970-04-03,1971-03-29,1972-03-29,1973-03-30,1974-03-31,1975-03-30,1976-03-27,1977-03-26,1978-04-02,1979-03-29,1980-04-01,1981-03-26,1982-03-23,1983-04-05,1984-04-06,1985-04-01,1986-04-01,1987-03-26,1988-04-05,1989-03-23,1990-03-21,1991-03-29,1992-03-29,1993-03-30,1994-04-02,1995-03-29,1996-03-29,1997-03-25,1998-03-26,1999-03-24,2000-03-30,2001-03-25,2002-03-19,2003-03-27,2004-03-26,2005-03-31,2006-03-27,2007-03-27,2008-03-25,2009-03-23,2010-03-26,2011-03-31,2012-04-01,2013-03-24,2014-03-29,2015-03-28,2016-03-30,2017-04-03,2018-03-23,2019-03-28,2020-03-27,2021-03-25,2022-03-25,2023-03-23,3 28,
Shimonoseki,33.9577116,130.9415455,True,1953-03-29,1954-03-28,1955-03-24,1956-04-04,1957-04-06,1958-03-25,1959-03-23,1960-03-29,1961-03-29,1962-04-02,1963-04-05,1964-04-01,1965-04-05,1966-03-26,1967-03-30,1968-04-02,1969-04-04,1970-04-05,1971-04-01,1972-04-02,1973-03-28,1974-03-31,1975-03-28,1976-03-25,1977-03-26,1978-03-31,1979-03-28,1980-04-02,1981-03-27,1982-03-23,1983-03-31,1984-04-06,1985-04-02,1986-04-02,1987-03-24,1988-04-04,1989-03-22,1990-03-20,1991-04-05,1992-03-27,1993-04-02,1994-04-02,1995-04-01,1996-03-31,1997-03-25,1998-03-26,1999-03-29,2000-03-28,2001-03-26,2002-03-19,2003-03-25,2004-03-23,2005-03-31,2006-03-25,2007-03-23,2008-03-26,2009-03-18,2010-03-20,2011-03-30,2012-03-30,2013-03-19,2014-03-25,2015-03-25,2016-03-28,2017-03-29,2018-03-23,2019-03-25,2020-03-24,2021-03-16,2022-03-25,2023-03-22,3 26,
Mikihara,,,False,1953-03-28,1954-03-25,1955-03-26,1956-04-06,1957-04-05,1958-03-24,1959-03-22,1960-03-25,1961-03-27,1962-04-05,1963-04-01,1964-04-01,1965-04-03,1966-03-24,1967-03-31,1968-04-01,1969-04-04,1970-03-31,1971-03-31,1972-04-04,1973-03-29,1974-04-01,1975-03-29,1976-03-28,1977-03-23,1978-03-30,1979-03-28,1980-03-31,1981-03-26,1982-03-22,1983-03-31,1984-04-05,1985-03-29,1986-04-02,1987-03-23,1988-04-02,1989-03-22,1990-03-18,1991-04-03,1992-03-25,1993-03-27,1994-04-01,1995-03-31,1996-03-31,1997-03-21,1998-03-21,1999-03-26,2000-03-27,2001-03-24,2002-03-17,2003-03-23,2004-03-22,2005-04-01,2006-03-23,2007-03-26,2008-03-27,2009-03-18,,,,,,,,,,,,,,,-,
Fukuoka,33.6251241,130.6180016,True,1953-03-28,1954-03-28,1955-03-24,1956-04-02,1957-04-01,1958-03-25,1959-03-25,1960-03-24,1961-03-28,1962-04-06,1963-04-03,1964-04-01,1965-03-30,1966-03-20,1967-03-28,1968-03-31,1969-04-04,1970-04-03,1971-03-31,1972-03-30,1973-03-28,1974-03-30,1975-04-01,1976-03-22,1977-03-23,1978-04-01,1979-03-28,1980-03-30,1981-03-25,1982-03-20,1983-03-31,1984-04-05,1985-04-01,1986-03-29,1987-03-22,1988-04-02,1989-03-17,1990-03-14,1991-03-29,1992-03-22,1993-03-24,1994-03-29,1995-03-27,1996-03-23,1997-03-18,1998-03-19,1999-03-21,2000-03-25,2001-03-22,2002-03-15,2003-03-22,2004-03-17,2005-03-29,2006-03-23,2007-03-21,2008-03-24,2009-03-13,2010-03-14,2011-03-22,2012-03-27,2013-03-13,2014-03-19,2015-03-22,2016-03-19,2017-03-25,2018-03-19,2019-03-21,2020-03-21,2021-03-12,2022-03-17,2023-03-18,3 22,
Saga,33.2185408,130.1296585,True,1953-03-26,1954-03-27,1955-03-24,1956-03-29,1957-03-31,1958-03-24,1959-03-22,1960-03-25,1961-03-23,1962-03-31,1963-03-30,1964-03-31,1965-03-30,1966-03-23,1967-03-27,1968-03-31,1969-04-01,1970-04-01,1971-03-30,1972-03-28,1973-03-25,1974-03-28,1975-03-29,1976-03-21,1977-03-21,1978-03-30,1979-03-26,1980-03-27,1981-03-24,1982-03-19,1983-03-30,1984-03-31,1985-03-29,1986-03-26,1987-03-23,1988-04-02,1989-03-20,1990-03-17,1991-03-29,1992-03-25,1993-03-29,1994-03-29,1995-03-31,1996-03-25,1997-03-18,1998-03-18,1999-03-21,2000-03-27,2001-03-24,2002-03-17,2003-03-21,2004-03-23,2005-03-31,2006-03-23,2007-03-24,2008-03-24,2009-03-19,2010-03-21,2011-03-22,2012-03-28,2013-03-18,2014-03-19,2015-03-22,2016-03-23,2017-03-30,2018-03-20,2019-03-23,2020-03-23,2021-03-17,2022-03-19,2023-03-22,3 24,
Oita,33.2393864,131.6096524,True,1953-03-26,1954-03-27,1955-03-25,1956-03-31,1957-04-06,1958-03-27,1959-03-28,1960-03-29,1961-03-31,1962-04-01,1963-04-02,1964-04-01,1965-03-30,1966-03-24,1967-03-27,1968-04-02,1969-04-03,1970-04-02,1971-03-30,1972-03-28,1973-03-27,1974-03-29,1975-03-29,1976-03-29,1977-03-23,1978-03-30,1979-03-29,1980-03-29,1981-03-25,1982-03-19,1983-04-01,1984-04-03,1985-03-28,1986-03-30,1987-03-23,1988-04-02,1989-03-20,1990-03-16,1991-03-28,1992-03-26,1993-03-27,1994-03-30,1995-03-27,1996-03-26,1997-03-20,1998-03-19,1999-03-26,2000-03-26,2001-03-23,2002-03-17,2003-03-24,2004-03-19,2005-03-31,2006-03-23,2007-03-22,2008-03-24,2009-03-17,2010-03-17,2011-03-23,2012-03-27,2013-03-14,2014-03-25,2015-03-26,2016-03-28,2017-04-04,2018-03-23,2019-03-24,2020-03-25,2021-03-18,2022-03-23,2023-03-24,3 24,
Fukue,34.0471135,130.9156608,False,1953-03-26,1954-03-30,1955-03-23,1956-03-30,1957-04-04,1958-03-31,1959-03-20,1960-03-26,1961-03-23,1962-03-30,1963-04-02,1964-03-31,1965-04-02,1966-03-24,1967-03-29,1968-03-31,1969-04-03,1970-04-04,1971-03-28,1972-04-02,1973-03-29,1974-03-24,1975-03-31,1976-03-27,1977-03-20,1978-04-03,1979-03-28,1980-03-29,1981-03-26,1982-03-23,1983-03-31,1984-04-03,1985-03-28,1986-03-30,1987-03-29,1988-04-01,1989-03-22,1990-03-19,1991-03-29,1992-03-22,1993-03-31,1994-04-02,1995-04-01,1996-03-26,1997-03-20,1998-03-26,1999-03-26,2000-03-28,2001-03-24,2002-03-23,2003-03-22,2004-03-26,2005-03-31,2006-03-22,2007-03-28,2008-03-31,2009-03-23,,,,,,,,,,,,,,,-,
Nagasaki,33.1154683,129.7874339,True,1953-03-26,1954-03-27,1955-03-24,1956-03-28,1957-03-30,1958-03-22,1959-03-22,1960-03-22,1961-03-24,1962-04-01,1963-03-31,1964-03-30,1965-03-28,1966-03-22,1967-03-27,1968-03-29,1969-03-31,1970-03-29,1971-03-27,1972-03-28,1973-03-25,1974-03-20,1975-03-27,1976-03-17,1977-03-18,1978-03-29,1979-03-25,1980-03-27,1981-03-23,1982-03-19,1983-03-29,1984-03-31,1985-03-29,1986-03-27,1987-03-23,1988-04-01,1989-03-18,1990-03-15,1991-03-27,1992-03-22,1993-03-30,1994-03-30,1995-03-31,1996-03-23,1997-03-18,1998-03-24,1999-03-22,2000-03-26,2001-03-22,2002-03-19,2003-03-19,2004-03-23,2005-04-01,2006-03-22,2007-03-24,2008-03-24,2009-03-21,2010-03-18,2011-03-23,2012-03-26,2013-03-16,2014-03-20,2015-03-22,2016-03-22,2017-03-30,2018-03-17,2019-03-20,2020-03-24,2021-03-14,2022-03-22,2023-03-21,3 23,
Kumamoto,32.6450475,130.6341345,True,1953-03-28,1954-03-26,1955-03-21,1956-03-25,1957-03-29,1958-03-24,1959-03-19,1960-03-22,1961-03-24,1962-04-02,1963-04-01,1964-03-29,1965-03-30,1966-03-18,1967-03-27,1968-03-29,1969-03-30,1970-04-01,1971-03-28,1972-03-26,1973-03-27,1974-03-25,1975-03-26,1976-03-18,1977-03-20,1978-03-29,1979-03-27,1980-03-24,1981-03-23,1982-03-19,1983-03-28,1984-03-31,1985-03-27,1986-03-26,1987-03-24,1988-04-01,1989-03-18,1990-03-17,1991-03-27,1992-03-18,1993-03-27,1994-03-29,1995-03-30,1996-03-22,1997-03-15,1998-03-17,1999-03-22,2000-03-24,2001-03-23,2002-03-16,2003-03-20,2004-03-24,2005-04-01,2006-03-20,2007-03-23,2008-03-22,2009-03-16,2010-03-16,2011-03-21,2012-03-25,2013-03-16,2014-03-20,2015-03-21,2016-03-22,2017-04-01,2018-03-17,2019-03-26,2020-03-23,2021-03-17,2022-03-20,2023-03-22,3 22,
Nobeoka,32.5823063,131.6649034,False,,,,,,,,,,1962-03-30,1963-03-28,1964-03-21,1965-03-25,1966-03-19,1967-03-18,1968-03-25,1969-03-27,1970-03-26,1971-03-25,1972-03-23,1973-03-22,1974-03-20,1975-03-26,1976-03-20,1977-03-20,1978-04-01,1979-03-30,1980-03-27,1981-03-25,1982-03-21,1983-03-29,1984-03-31,1985-03-27,1986-03-27,1987-03-25,1988-04-02,1989-03-16,1990-03-21,1991-03-27,1992-03-24,1993-04-01,1994-03-30,1995-03-31,,1997-03-18,1998-03-26,1999-03-20,,,,,,,,,,,,,,,,,,,,,,,,,-,
Kagoshima,31.521587,130.5474077,True,1953-03-29,1954-03-31,1955-03-29,1956-03-27,1957-04-01,1958-03-26,1959-03-23,1960-03-26,1961-03-28,1962-04-02,1963-04-01,1964-03-29,1965-03-25,1966-03-22,1967-03-27,1968-03-29,1969-03-30,1970-03-31,1971-03-30,1972-03-27,1973-03-26,1974-03-23,1975-03-29,1976-03-25,1977-03-18,1978-04-01,1979-03-30,1980-03-22,1981-03-22,1982-03-19,1983-03-27,1984-03-26,1985-03-26,1986-03-22,1987-03-26,1988-04-03,1989-03-25,1990-03-22,1991-03-24,1992-03-26,1993-03-31,1994-03-29,1995-03-31,1996-03-25,1997-03-21,1998-03-28,1999-03-26,2000-03-30,2001-03-30,2002-03-27,2003-03-24,2004-03-29,2005-04-03,2006-03-20,2007-03-30,2008-03-28,2009-03-19,2010-03-23,2011-03-23,2012-03-26,2013-03-15,2014-03-20,2015-03-21,2016-03-27,2017-04-05,2018-03-17,2019-03-25,2020-04-01,2021-03-17,2022-03-20,2023-03-24,3 26,
Miyazaki,32.097681,131.294542,True,,,,,,,,,,,,,,,,,,,1971-03-28,1972-03-24,1973-03-28,1974-03-24,1975-03-27,1976-03-24,1977-03-18,1978-03-30,1979-03-30,1980-03-26,1981-03-24,1982-03-18,1983-03-28,1984-03-28,1985-03-26,1986-03-24,1987-03-24,1988-04-02,1989-03-22,1990-03-19,1991-03-20,1992-03-24,1993-04-02,1994-03-30,1995-03-30,1996-03-22,1997-03-17,1998-03-23,1999-03-25,2000-03-28,2001-03-22,2002-03-18,2003-03-23,2004-03-26,2005-03-28,2006-03-18,2007-03-26,2008-03-26,2009-03-16,2010-03-17,2011-03-23,2012-03-24,2013-03-13,2014-03-19,2015-03-22,2016-03-24,2017-04-02,2018-03-16,2019-03-22,2020-03-25,2021-03-16,2022-03-18,2023-03-19,3 23,
Yakushima,30.347925,130.52448324447516,False,,,,,,,,,,,,,,,,,,,,,,,,,,,,,,,,,,,,,,,1991-03-25,,,,,,,,,,,,,,,,,,,,,,,,,,,,,,,,,-,
Tanegashima,30.591848,130.99589484044418,False,1953-03-25,1954-04-06,1955-03-10,1956-03-28,,1958-03-29,1959-04-03,1960-03-30,1961-03-30,1962-03-21,,,1965-04-01,1966-03-20,1967-03-22,1968-03-27,,,1971-03-22,1972-03-25,1973-03-10,1974-03-27,1975-04-07,1976-03-25,1977-03-19,1978-04-07,1979-04-18,1980-03-30,1981-03-22,1982-03-24,1983-03-29,1984-03-30,1985-03-28,1986-03-24,1987-03-27,1988-03-31,1989-03-22,1990-03-19,1991-03-24,1992-03-27,1993-03-29,1994-03-29,1995-03-31,1996-03-22,1997-03-23,1998-04-03,1999-04-02,2000-03-30,2001-03-28,2002-03-27,2003-03-20,2004-03-21,2005-03-31,2006-03-20,2007-04-01,,,,,,,,,,,,,,,,,-,
Naze,28.334604,129.4943046,True,1953-01-29,1954-01-21,1955-01-27,1956-01-15,1957-01-14,,1959-01-28,1960-01-23,,,,,,,,,,,,1972-01-08,1973-01-10,1974-01-15,1975-01-19,1976-01-22,1977-01-11,1978-01-27,1979-01-23,1980-01-16,1981-01-21,1982-01-21,1983-01-26,1984-01-27,1985-01-27,1986-01-19,1987-01-16,1988-01-12,1989-01-06,1990-01-14,1991-01-22,1992-01-17,1993-01-18,1994-01-19,1995-01-31,1996-01-14,1997-01-20,1998-01-12,1999-01-18,2000-01-18,2001-01-26,2002-01-17,2003-01-01,2004-01-20,2005-01-25,2006-01-16,2007-01-29,2008-01-21,2009-01-22,2010-01-22,2011-01-30,2012-01-20,2013-01-14,2014-01-16,2015-01-20,2016-01-18,2017-01-31,2018-01-22,2019-01-23,2020-01-23,2021-01-25,2022-01-18,2023-01-20,1 20,Taiwan cherry (Prunus campanulata)
Yonaguni Island,24.455595000000002,122.98760597555837,False,,,,,,,,,,,,,,,,,,,,,,,,,,,,,,,,,,,,,,,,1992-01-24,1993-02-02,1994-01-18,1995-02-22,1996-01-18,1997-02-03,1998-02-09,1999-02-06,2000-01-20,2001-02-05,2002-01-21,2003-01-26,2004-01-19,2005-02-05,2006-01-27,2007-02-08,2008-01-30,,,,,,,,,,,,,,,,-,Taiwan cherry (Prunus campanulata)
Ishigaki Island,24.4710165,124.23850609363018,True,1953-01-09,,1955-01-08,1956-01-05,1957-01-18,1958-01-10,,,1961-01-27,1962-01-26,1963-01-30,1964-02-20,1965-01-20,1966-01-14,1967-01-20,1967-12-19,1968-12-19,1970-01-29,1971-01-10,1972-01-26,1973-01-10,1974-01-03,1975-01-15,1976-01-15,1977-01-20,1978-01-27,1979-01-20,1980-01-10,1981-01-21,1982-01-11,1983-01-18,1984-01-14,1985-01-11,1986-01-14,1987-01-03,1988-01-01,1988-12-27,1990-01-05,1991-01-24,1992-01-05,1993-01-04,1994-01-15,1995-02-01,1996-01-04,1997-01-11,1998-02-15,1999-01-31,2000-01-14,2001-01-09,2002-01-04,2003-01-31,2004-01-15,2005-01-07,2006-01-15,2007-02-05,2008-01-27,2009-01-19,2010-01-15,2011-01-17,2011-12-24,2013-01-22,2014-01-16,2015-01-06,2016-02-12,2017-01-25,2018-01-19,2019-01-16,2020-01-29,2021-01-27,2022-01-27,2023-02-03,1 18,Taiwan cherry (Prunus campanulata)
Miyakojima,24.8054647,125.2811296,True,,,,,,,,,,,,,,,,,,,,1972-01-29,1973-02-05,1974-01-15,1975-01-30,1976-01-20,1977-01-17,1978-02-01,1979-01-26,1980-02-03,1981-01-28,1982-01-20,1983-01-17,1984-01-21,1985-01-06,1986-01-23,1987-01-16,1988-01-17,1989-01-08,1990-01-11,1991-01-20,1992-01-10,1993-01-06,1994-01-05,1995-02-02,1996-01-07,1997-01-08,1998-01-10,1999-01-15,2000-01-05,2001-01-08,2002-01-06,2002-12-30,2004-01-28,2005-01-29,2006-01-19,2007-01-16,2008-01-29,2009-01-27,2010-01-18,2011-01-17,2012-01-18,2013-01-19,2014-01-16,2015-01-22,2016-02-04,2017-01-30,2018-01-23,2019-01-07,2020-02-07,2021-01-16,2022-01-19,2023-01-15,1 17,Taiwan cherry (Prunus campanulata)
Kumejima,26.341139,126.78905289115315,False,,,,,,,,,,1962-02-08,1963-02-15,1964-01-27,1965-01-27,1966-02-01,,,,,,1972-01-19,1973-01-17,1974-01-15,,,,1978-01-06,1979-01-29,1980-01-25,1981-01-27,1982-01-22,1983-01-30,1984-01-24,1985-01-23,1986-01-15,1987-01-08,1988-01-06,1988-12-31,1989-12-31,1991-01-02,1992-01-05,1993-01-07,1994-01-12,1995-01-15,1996-01-13,1997-01-15,1998-01-20,1999-01-26,2000-01-07,2001-01-04,2002-01-07,2003-01-15,2004-01-13,,,,,,,,,,,,,,,,,,,,-,Taiwan cherry (Prunus campanulata)
Naha,26.2122345,127.6791452,True,,,,,,,,,,,,,,,,,,,,,,1974-01-04,1975-01-18,1976-01-18,1977-01-07,1978-01-17,1979-01-06,1980-02-01,1981-01-24,1982-01-05,1983-01-16,1984-01-23,1985-01-23,1986-01-09,1987-01-23,1988-01-19,1989-01-09,1990-01-21,1991-01-24,1992-01-26,1993-01-23,1994-01-20,1995-02-08,1996-01-25,1997-01-20,1998-01-16,1999-02-02,2000-01-18,2001-01-17,2002-01-15,2003-01-21,2004-01-17,2005-01-19,2006-01-13,2007-01-23,2008-01-03,2009-01-02,2009-12-31,2011-01-07,2012-01-22,2012-12-28,2014-01-15,2015-01-15,2016-01-21,2017-01-14,2018-01-10,2019-01-10,2020-01-06,2021-01-04,2022-01-11,2023-01-07,1 16,Taiwan cherry (Prunus campanulata)
Nago,26.5919599,127.9774759,False,,,,,,,,,,,,,,,,,,,,1971-12-25,1972-12-19,1973-12-27,1974-12-26,1976-01-01,1976-12-23,1977-12-30,1978-12-29,1979-12-24,1981-01-09,1981-12-30,1983-01-05,1984-01-13,1985-01-22,1985-12-26,1987-01-09,1988-01-04,1988-12-31,1989-12-30,1991-01-07,1992-01-06,1993-01-04,1994-01-10,1995-01-16,1996-01-04,1997-01-01,1998-01-04,1998-12-28,2000-01-01,2001-01-18,2002-01-15,,,,,,,,,,,,,,,,,,,,,,-,Taiwan cherry (Prunus campanulata)
Iriomote Island,24.3464015,123.83916364873272,False,,,1955-01-07,,1957-01-16,,1959-01-12,1960-02-08,1961-01-20,1962-02-07,1963-01-10,1964-02-05,1965-01-25,1966-01-27,,,,,1971-01-20,1972-01-27,1973-01-15,1974-01-20,1974-12-21,1976-01-05,1977-01-04,1978-01-26,1979-01-25,1980-01-09,1981-01-27,1982-01-10,1983-01-22,1984-01-17,1985-01-26,1986-01-23,1987-01-21,1988-01-15,1989-01-15,1990-01-18,1991-01-27,1992-01-21,1993-01-14,1994-01-21,1995-02-03,1996-01-14,1997-01-20,1998-01-30,1999-02-07,2000-01-16,2001-01-22,2002-01-15,,,,,,,,,,,,,,,,,,,,,,-,Taiwan cherry (Prunus campanulata)
Minami Daito Island,,,True,,,,,,,,,,,,,,,,,,,1971-01-20,1972-01-16,1973-01-20,1974-01-12,1975-01-17,1976-01-15,1977-01-10,,1979-01-25,1980-01-30,1981-01-22,1982-01-24,1983-01-25,1984-01-19,1985-01-20,1986-01-18,1987-01-21,1988-01-29,1989-01-17,1990-01-16,1991-01-22,1992-01-20,1993-01-04,1994-01-07,1995-01-19,1996-01-25,1997-01-24,1998-01-13,1999-01-27,2000-01-17,2001-01-16,2002-01-04,2003-01-12,2004-01-22,2005-02-03,2006-01-15,2007-02-02,2008-01-25,2009-01-25,2010-01-26,2011-01-24,2012-01-17,2013-01-07,2014-01-07,2015-01-15,2016-02-09,2017-01-27,2018-01-07,2019-01-25,2020-02-06,,2022-01-28,2023-02-07,1 20,Taiwan cherry (Prunus campanulata)
